geo_level_2_id,0,1,2
0,0.04012854950115119,0.3983361047156134,0.5615353457832354
1,0.009442011647329709,0.6073027440979226,0.3832552442547478
3,0.039742527608632026,0.7280345446985984,0.23222292769276973
4,0.011870279994555649,0.42632711703931797,0.561802602966125
5,0.043776599455801306,0.7698101858605589,0.1864132146836396
6,0.1635904323356357,0.5577833205423381,0.2786262471220261
7,0.029593788026298362,0.6102567188035999,0.3601494931701026
8,0.013957756348226493,0.8377022101226541,0.14834003352911926
9,0.00594497029646682,0.2779091758341037,0.7161458538694317
10,0.021003241111555725,0.8126866629204413,0.1663100959680018
11,0.02822911677762103,0.8180695206021414,0.15370136262023565
12,0.0687917991448306,0.5019095128458136,0.42929868800935567
13,0.009535496911164627,0.6159604650532514,0.3745040380355841
14,0.694190473545973,0.21675686022369395,0.08905266623033312
15,0.07408347600212527,0.6302615266544659,0.29565499734340867
16,0.04586119942988708,0.6965111038019709,0.2576276967681419
17,0.07408347600212527,0.5917999881929275,0.33411653580494716
18,0.2508178526742946,0.6965086199397452,0.05267352738595959
19,0.04012854950115119,0.7855835794630882,0.17428787103576052
20,0.015048206062931677,0.7298934487876152,0.2550583451494528
21,0.03135399295415997,0.34371371438329246,0.6249322926625444
22,0.016604917034959116,0.8048130751799988,0.17858200778504177
23,0.013957756348226493,0.4430160970045206,0.543026146647253
24,0.02348988263482021,0.7511014556311364,0.22540866173404342
25,0.04815425940138142,0.6168128494682601,0.33503289113035856
26,0.015533632064961748,0.8202726002732486,0.1641937676617901
27,0.009827399877832958,0.5185060536417055,0.47166654648046025
28,0.04815425940138142,0.6334795161349267,0.31836622446369184
29,0.012672173526679344,0.6547032297994119,0.3326245966739084
30,0.055516892154467756,0.20744786654538477,0.7370352413001499
31,0.008448115684452893,0.3483222004996586,0.6432296838158899
32,0.027516719657932235,0.8176655658426075,0.1548177144994606
33,0.22269282425172676,0.5308374904067537,0.24646968534151958
34,0.04901289061940328,0.8609323260467677,0.09005478333382894
35,0.05068869410671729,0.5787879618462888,0.37052334404699394
36,0.6273926361030301,0.29489123671946565,0.07771612717750333
37,0.014816695200425055,0.6383744191367218,0.34680888566285306
38,0.014374405791457132,0.28383172852721505,0.7017938656813282
39,0.4966952805462966,0.4691062540686894,0.03419846538501333
40,0.01958885397510339,0.7296722765883906,0.25073886943650453
41,0.008917455444700248,0.08675648614520563,0.9043260584100943
42,0.0267523663341008,0.8253572295070365,0.14789040415886306
43,0.11090435990205752,0.633450279574608,0.2556453605233344
44,0.04815425940138142,0.5781223732777837,0.37372336732083467
45,0.07408347600212527,0.6687230651160044,0.25719345888187023
46,0.07272131610686362,0.7327964230211155,0.19448226087202095
47,0.0687917991448306,0.6923857033220041,0.23882249753316523
48,0.007408347600212503,0.5127942923272025,0.47979736007258406
49,0.005380364178925292,0.33529577502649366,0.6593238607945815
50,0.12642749672497083,0.6598321728990089,0.21374033037602064
51,0.022624849176667187,0.07810923475381462,0.899265916069517
52,0.011889940592933688,0.27541577327757505,0.712694286129491
53,0.12757880674227565,0.6496333248060032,0.22278786845172116
54,0.031367291265651825,0.7942752508648172,0.17435745786953036
55,0.020302874033337675,0.7631938274384386,0.21650329852822425
56,0.060192824251726784,0.7308374904067536,0.20896968534151958
57,0.3883479250327793,0.4761709479391185,0.13548112702810183
58,0.01416301747099455,0.8708681055009864,0.11496887702801896
59,0.15100655292520218,0.5148769112698505,0.33411653580494716
60,0.01965479975566587,0.8179940060841014,0.1623511941602329
61,0.11992200891970653,0.746337392461721,0.13374059861857251
62,0.028326034941989073,0.6911388816282238,0.28053508342978734
63,0.07408347600212527,0.6687230651160044,0.25719345888187023
64,0.2767158247788565,0.5310644522667325,0.19221972295441186
65,0.26755870136289506,0.6033332539704896,0.12910804466661513
66,0.02534262911459384,0.641229171436837,0.3334281994485684
67,0.04815425940138142,0.5664160240714345,0.38542971652718394
68,0.02602932940615211,0.7176330379161898,0.2563376326776578
69,0.1389217549073435,0.7226320847423661,0.13844616035029045
70,0.16191992323064067,0.6881546924991171,0.14992538427023888
71,0.04276411981932626,0.7060851543286304,0.2511507258520429
72,0.007133964355760198,0.8519938556328367,0.14087218001140508
73,0.10752113056290048,0.7626564836129075,0.1298223858241928
74,0.06795571672039351,0.8263073196173607,0.10573696366224862
75,0.09630851880276285,0.5693399846508057,0.3343514965464313
76,0.03814943406070298,0.7848616095472104,0.17698895639208154
79,0.08633738990607755,0.32094421037793475,0.5927183997159878
80,0.00852287777015601,0.1866616536588323,0.8048154685710124
81,0.08482964482800029,0.7633204944807289,0.15184986069127057
82,0.11641084676387822,0.6447666557029564,0.23882249753316523
83,0.008302458517479565,0.6021150570730225,0.38958248440949667
84,0.06091054009007732,0.6081206406169783,0.33096881929294614
85,0.0642056792018419,0.44067110087831496,0.49512321991984304
87,0.060504009652977545,0.33232546691221376,0.6071705234348105
88,0.005291676857294678,0.2133827692507296,0.7813255538919769
89,0.012507599844514659,0.7873444765772468,0.20014792357823807
90,0.016303758950515487,0.6223434560914551,0.3613527849580279
91,0.010583353714589318,0.5093394487149092,0.4800771975705014
92,0.0267523663341008,0.5530506460549417,0.42019698761095753
93,0.04114779382931678,0.7751673508529169,0.18368485531776632
94,0.0188840232946594,0.4040451582806764,0.5770708184246639
95,0.03877657672829414,0.08269356693465361,0.878529856337054
96,0.01416301747099455,0.4580214382786663,0.5278155442503387
97,0.101511237222782,0.6055813985865514,0.2929073641906665
98,0.009350341631336192,0.4626195155623137,0.5280301428063494
99,0.020980648727268972,0.7462261114713721,0.2327932398013587
100,0.09630851880276285,0.5693399846508057,0.3343514965464313
101,0.060192824251726784,0.6870874904067535,0.2527196853415196
102,0.14167300810188835,0.7278036633288847,0.13052332856922655
103,0.025344347053358644,0.40672359969651845,0.5679320532501227
104,0.011406875829803638,0.49261795030576383,0.49597517386443196
105,0.01461329960799198,0.09541490824809169,0.8899717921439151
106,0.13519282425172677,0.4433374904067536,0.42146968534151963
107,0.03673549292671065,0.635336479778858,0.3279280272944349
108,0.012489332423474372,0.7619225889809196,0.225588078595606
109,0.08230294989121782,0.7922211543191616,0.1254758957896204
110,0.04426722062192333,0.9180611071886031,0.03767167218947495
111,0.011045752067586229,0.32137102405847034,0.6675832238739445
112,0.09630851880276285,0.5693399846508057,0.3343514965464313
113,0.09630851880276285,0.5693399846508057,0.3343514965464313
114,0.04187326904467949,0.7689159353554227,0.18921079559989773
116,0.0188840232946594,0.7191257328184546,0.26199024388688597
117,0.09723213610892639,0.7984208828573754,0.10434698103369833
118,0.0185208690005313,0.8019265648352832,0.1795525661641851
119,0.052561669611464426,0.8127476409661136,0.13469068942242393
120,0.014374405791457132,0.8015416584780178,0.18408393573052428
121,0.05350473266820159,0.5861412613139396,0.3603540060178587
122,0.16940534978907962,0.70230713158572,0.12828751862520088
123,0.010944149863950318,0.16718597004260743,0.8218698800934424
124,0.0363654155710269,0.8237009008500793,0.139933683578894
125,0.05665206988397815,0.7466705792063565,0.1966773509096655
126,0.015287066476629028,0.15505427415122988,0.8296586593721398
127,0.043345017024307875,0.8346918054945405,0.12196317748115067
128,0.08753635173736725,0.41323064288969036,0.49923300537294246
129,0.018398261757608073,0.6617310976633523,0.3198706405790396
130,0.04187326904467949,0.5822778150216502,0.37584891593367015
131,0.03776956321138237,0.5492751739814337,0.41295526280718636
132,0.09654538554308317,0.4579557740801024,0.44549884037681425
133,0.043776599455801306,0.804245447568548,0.15197795297565062
134,0.006253799922257305,0.21924746492502342,0.7744987351527182
135,0.07408347600212527,0.43795383434677365,0.48796268965110107
136,0.2730996146868617,0.5828113304652447,0.1440890548478946
137,0.09630851880276285,0.5693399846508057,0.3343514965464313
138,0.012709152782001682,0.2803021822148375,0.7069886650031595
139,0.013957756348226493,0.6796164657121425,0.30642577793963066
140,0.005095688825543009,0.5324424509210515,0.4624618602534056
141,0.009000796149790909,0.7894638482887038,0.20153535556150626
142,0.004721005823664856,0.1353579576243135,0.859921036552019
143,0.05665206988397815,0.7466705792063565,0.1966773509096655
144,0.013131291993049073,0.677619561210209,0.3092491467967413
145,0.012672173526679344,0.26872088949487,0.7186069369784506
146,0.02049117421335379,0.6725733561537947,0.30693546963285123
147,0.22321740607781224,0.6154580582144166,0.1613245357077689
148,0.025676983713954746,0.6544406499678961,0.3198823663181494
149,0.1224178452414296,0.6453871694353526,0.23219498532321786
150,0.05665206988397815,0.6584352850887092,0.28491264502731256
151,0.3222144028820578,0.4514952964062677,0.22629030071167816
152,0.04749066432451278,0.7817590848647354,0.17075025081075126
153,0.15100655292520218,0.5148769112698505,0.33411653580494716
154,0.0642056792018419,0.6351155453227594,0.3006787754753987
155,0.03141612316189084,0.12771989085915306,0.8408639859789556
156,0.009260434500265672,0.10109718189629913,0.8896423836034373
157,0.22652280843365075,0.6336031800719993,0.13987401149435172
158,0.20833852435155029,0.6944431290759537,0.0972183465725011
159,0.08158477845738013,0.6676963740758829,0.25071884746673695
160,0.1635904323356357,0.47444998720900483,0.3619595804553595
161,0.016604917034959116,0.3122057113972323,0.6711893715678081
162,0.2409306989285583,0.5437313873241206,0.21533791374732117
163,0.02093663452233974,0.8139558972843367,0.1651074681933237
164,0.13878404008970088,0.5583306149132874,0.3028853449970125
165,0.5979937390260309,0.32510919924658876,0.07689706172738019
166,0.05665206988397815,0.3682392066573367,0.5751087234586851
167,0.03783345227654884,0.6072427949301806,0.3549237527932704
168,0.08025709900230238,0.5577833205423381,0.3619595804553595
169,0.04587339949141501,0.7735217085017163,0.1806048920068691
170,0.18887370403039308,0.708133466333951,0.10299282963565538
171,0.03649770044223855,0.7085468749007633,0.2549554246569962
172,0.024079436090929277,0.26304378442315296,0.7128767794859178
173,0.5983534735059747,0.37212995001894905,0.029516576475078476
174,0.16613961091138266,0.7277247330597197,0.10613565602889898
175,0.04581949467059825,0.7389306062653926,0.21524989906400951
176,0.07021962477652963,0.6371997320092213,0.292580643214249
177,0.012841135840368388,0.9156011927803073,0.07155767137932394
178,0.015452388072191035,0.5866317504017116,0.3979158615260959
179,0.10332027305408571,0.668073676132003,0.22860605081391125
180,0.09630851880276285,0.5693399846508057,0.3343514965464313
181,0.039639230089349525,0.6397249329308679,0.32063583697979364
182,0.08025709900230238,0.6411166538756715,0.2786262471220261
183,0.07154040140657077,0.8131659790946596,0.11529361949876946
184,0.0687917991448306,0.6923857033220041,0.23882249753316523
185,0.038523407521105155,0.6251718912962196,0.3363047011826751
186,0.09630851880276285,0.5693399846508057,0.3343514965464313
187,0.05135721874898056,0.6075651866428122,0.3410775946082063
188,0.02140189306728065,0.8157507658198374,0.1628473411128821
189,0.23974976162236333,0.5283024346819436,0.23194780369569326
190,0.1768520416936324,0.75832027946852,0.06482767883784686
191,0.05677722955987315,0.8413820607070763,0.10184070973305313
192,0.044313443863224354,0.8540988963608278,0.10158765977594895
193,0.014816695200425055,0.6671493952651923,0.3180339095343821
194,0.02407712970069072,0.6448053518939268,0.3311175184053828
195,0.28337189236959,0.5416753877997161,0.1749527198306937
196,0.275316790312953,0.5017822119894261,0.2229009976976209
197,0.03246750926856327,0.8546018767113099,0.11293061402012906
198,0.02760551533382445,0.17894445227916708,0.7934500323870062
199,0.5078878779411634,0.4463105471894629,0.04580157486937418
200,0.060192824251726784,0.6058374904067537,0.33396968534151955
201,0.060192824251726784,0.5183374904067536,0.42146968534151963
202,0.04586119942988708,0.6950560773469445,0.2590827232231684
203,0.3915518705196998,0.4524544240081269,0.1559937054721736
204,0.05116624356721186,0.6757526375322382,0.2730811189005499
205,0.04012854950115119,0.5185802124597212,0.44129123803912745
206,0.07512285744524513,0.38462938066352564,0.5402477618912312
207,0.0642056792018419,0.6517822119894261,0.284012108808732
208,0.019860855616828686,0.89289388809108,0.08724525629209139
209,0.06391590960357997,0.7526586027657827,0.1834254876306376
210,0.22334386321026706,0.659738508645013,0.11691762814471895
211,0.1410538223501388,0.7413601593767565,0.11758601827310441
212,0.035697331363189186,0.7784449945284927,0.18585767410831805
213,0.026851667307211193,0.7018443245599851,0.27130400813280425
214,0.2773858925624014,0.6044801828071864,0.11813392463041149
215,0.3620088622043958,0.5779657092499494,0.060025428545654805
216,0.06035266309278747,0.453477871893842,0.4861694650133689
217,0.01591983194489893,0.7416082970758391,0.24247187097926118
218,0.035356644725491666,0.49840761135044515,0.46623574392406353
219,0.022624841074161788,0.8653249178676172,0.11205024105821813
220,0.08025709900230238,0.5577833205423381,0.3619595804553595
221,0.008025709900230224,0.6765751156799641,0.31539917441980436
222,0.03320983406991822,0.7532585775036885,0.2135315884263936
223,0.44155422467120786,0.4056943473772769,0.15275142795151572
224,0.09630851880276285,0.5693399846508057,0.3343514965464313
225,0.04014273990048253,0.12438007601668571,0.835477184082833
226,0.0954053489200746,0.7887361583159737,0.11585849276395147
227,0.2207217904334188,0.5935487378046629,0.1857294717619181
228,0.031067264129923514,0.7411849412852058,0.22774779458487032
229,0.01532297474804983,0.09646223374686948,0.8882147915050835
230,0.2524200038818502,0.6482384849632302,0.09934151115492083
231,0.07408347600212527,0.6687230651160044,0.25719345888187023
232,0.035885823870727585,0.8886656689031721,0.07544850722609978
233,0.011468441157527483,0.19061466193707874,0.7979168969053902
234,0.03566982177880106,0.7282455783606975,0.23608459986050168
236,0.12428533718385781,0.7051680844119486,0.17054657840419377
237,0.06081536637422938,0.6772855752687363,0.26189905835703436
238,0.022090586105427024,0.7154676266762414,0.26244178721833233
239,0.03506239264396869,0.3925326947078462,0.5724049126481857
240,0.008302458517479565,0.8778755581379681,0.11382198334455305
241,0.3642056792018419,0.4128933231005371,0.2229009976976209
242,0.04815425940138142,0.4971699923254029,0.4546757482732158
243,0.09630851880276285,0.5693399846508057,0.3343514965464313
244,0.16124926975353127,0.6436787065538538,0.1950720236926159
245,0.0185208690005313,0.80564230474054,0.17583682625892905
246,0.05062954022954906,0.8417243849452983,0.1076460748251522
247,0.08051316821178908,0.3949083252993003,0.5245785064889106
248,0.3655823717646635,0.37457531652102893,0.2598423117143077
249,0.09630851880276285,0.5693399846508057,0.3343514965464313
250,0.09630851880276285,0.5693399846508057,0.3343514965464313
251,0.19458439031006222,0.7494071055162237,0.05600850417370996
252,0.03239802748628534,0.8248432900773655,0.1427586824363495
253,0.09630851880276285,0.5693399846508057,0.3343514965464313
254,0.08706073464480467,0.7053380598639705,0.2076012054912267
255,0.1724736526732233,0.6575404164586482,0.16998593086812594
256,0.049915284763239205,0.19257620643778417,0.7575085087989787
257,0.32973889357726266,0.5861274340386624,0.0841336723840745
258,0.04936698808019427,0.04167614506860444,0.9089568668512019
259,0.06109815354124396,0.6207218547584592,0.3181799917002968
260,0.4268971613936976,0.5078375242007858,0.06526531440551578
261,0.05091359186380217,0.8263904116187655,0.12269599651743301
262,0.037301194086534734,0.6677544095278398,0.29494439638562675
263,0.00621345282598471,0.15189901842266612,0.8418875287513492
264,0.388248799680634,0.559393667246503,0.052357533072865836
265,0.034395899572415296,0.696329322333187,0.26927477809439765
266,0.05328195553177561,0.9070033111372686,0.03971473333095437
267,0.20467328714060457,0.7248067970078135,0.07051991585158093
268,0.02711898792940648,0.4236379201539806,0.5492430919166109
269,0.008548847752062645,0.6523468492927932,0.3391043029551511
270,0.40838893022018136,0.5161750846376814,0.07543598514213783
271,0.06949600199408332,0.6846517897553965,0.24585220825051973
272,0.09630851880276285,0.5693399846508057,0.3343514965464313
273,0.05873095289634043,0.8483041846232559,0.0929648624804035
274,0.00883564392685898,0.6046606901937925,0.3865036658793475
275,0.033331748124232626,0.4669636350821928,0.4997046167935708
276,0.008676443135384047,0.1322887930849314,0.8590347637796824
277,0.04815425940138142,0.7382414208968314,0.21360431970178712
278,0.09630851880276287,0.5693399846508058,0.3343514965464313
279,0.04586119942988708,0.7089827591307691,0.2451560414393437
280,0.08698664418905848,0.7911713980037409,0.12184195780720107
281,0.1428413071073665,0.7743361175999003,0.08282257529273364
282,0.010137738821343471,0.16466997384742854,0.8251922873312276
283,0.27630337630063545,0.5161067198261584,0.2075899038732061
284,0.0585959485082733,0.7979438469210103,0.14346020457071634
285,0.0642056792018419,0.7128933231005372,0.2229009976976209
286,0.14185944523626798,0.709860227511801,0.14828032725193124
287,0.06860077755228745,0.5568230249778622,0.37457619746985205
288,0.04586119942988708,0.766484648775516,0.18765415179459694
289,0.009260434500265672,0.35395876321132963,0.6367808022884032
290,0.05068869410671729,0.7733368340267398,0.1759744718665428
291,0.15149395245327701,0.6541750523715217,0.1943309951752009
292,0.05009653374964198,0.790822315221139,0.15908115102921982
293,0.05068869410671729,0.6859308189891459,0.26338048690413685
294,0.07408347600212527,0.43795383434677365,0.48796268965110107
296,0.04539940651318694,0.506285190699635,0.4483154027871775
297,0.04815425940138142,0.7332811034365141,0.21856463716210453
298,0.02602932940615211,0.6333634713475254,0.34060719924632243
299,0.05350473266820159,0.7607444359171143,0.18575083141468407
300,0.009827399877832958,0.306155704096302,0.6840168960258647
301,0.22792962984827914,0.5148769112698506,0.25719345888187023
302,0.1718360584215875,0.6159585288806487,0.21220541269776266
303,0.010008879628696324,0.13471454639208155,0.8552765739792225
304,0.0687917991448306,0.6447666557029565,0.2864415451522129
305,0.10820995195270611,0.8387183819288127,0.0530716661184812
306,0.031454456062931714,0.10536562260168839,0.8631799213353802
307,0.07746876357774285,0.7168902670053859,0.20564096941687124
308,0.32051059197546944,0.6183898407806978,0.061099567243832066
309,0.02348988263482021,0.7467495897522288,0.22976052761295077
310,0.08314225734978724,0.7890011418869531,0.1278566007632536
311,0.35044488653389816,0.5603487523239025,0.08920636114219821
312,0.03320983406991822,0.7744850521784388,0.19230511375164297
313,0.014020912942764375,0.498161311808674,0.48781777524856296
314,0.03431567312422888,0.9002341215879183,0.06545020528785224
315,0.07408347600212527,0.5917999881929275,0.33411653580494716
316,0.07043443987675248,0.620376903825356,0.3091886562978915
317,0.08025709900230238,0.6411166538756715,0.2786262471220261
318,0.08025709900230238,0.6411166538756715,0.2786262471220261
319,0.09630851880276285,0.5693399846508057,0.3343514965464313
320,0.22792962984827914,0.5148769112698506,0.25719345888187023
321,0.014037306876230594,0.24329191817320783,0.7426707749505594
322,0.0755931043228299,0.6679053524197516,0.2565015432574174
323,0.7310909407155445,0.22031465319324106,0.048594406091217075
324,0.013758359828966117,0.49868557293165594,0.48755606723937805
325,0.08025709900230238,0.47444998720900483,0.4452929137886928
326,0.3545865857808677,0.5169582149307708,0.12845519928836177
327,0.02052792212554974,0.8176796006964818,0.1617924771779679
328,0.022417174007026135,0.8838653094188957,0.09371751657407966
329,0.031067264129923514,0.6981267502668634,0.2708059856032133
330,0.08025709900230238,0.5577833205423381,0.3619595804553595
331,0.09486808961660928,0.5686153469408088,0.336516563442582
332,0.060192824251726784,0.5995874904067536,0.34021968534151964
333,0.007351795328455195,0.7504767924081038,0.24217141226344063
334,0.009827399877832958,0.8232079422023036,0.1669646579198628
335,0.01965479975566587,0.7834962553709125,0.19684894487342128
336,0.01887466798475258,0.37847120306097287,0.6026541289542711
337,0.02068160295907091,0.5156159518068544,0.46370244523407056
338,0.20716075495959158,0.7132317458626871,0.07960749917772172
339,0.3057847457379122,0.48354947341367727,0.21066578084841053
340,0.04815425940138142,0.5989557066111171,0.35289003398750135
341,0.1635904323356357,0.5577833205423381,0.2786262471220261
342,0.13417755629837044,0.6749401145927959,0.1908823291088335
343,0.015653413248064865,0.1315755364849757,0.8527710502669608
344,0.09630851880276285,0.5693399846508057,0.3343514965464313
345,0.022836118675465412,0.1365521156780735,0.8406117656464603
346,0.05350473266820159,0.6496333248060031,0.29686194252579523
347,0.009172239885977403,0.07247682393499753,0.9183509361790251
348,0.06609864640988265,0.5806347782919693,0.3532665752981483
349,0.013758359828966117,0.6972749309092571,0.2889667092617772
350,0.030149825404199818,0.835153241749913,0.13469693284588785
351,0.3086501236462863,0.37955998976720384,0.31178988658650975
352,0.008968706203778685,0.7707547577501918,0.22027653604602965
353,0.014374405791457132,0.7589359127176039,0.22668968149093865
354,0.12037756008005658,0.6829450890102778,0.1966773509096655
355,0.07673139645965722,0.780325668905376,0.14294293463496746
356,0.1227384160272156,0.6657535700881325,0.21150801388465254
357,0.11323918691794065,0.715464464451513,0.17129634863054616
358,0.20508650114325827,0.5932242376686541,0.20168926118809
359,0.20553618053343958,0.6352488211111168,0.15921499835544345
360,0.05068869410671729,0.6624345783876422,0.2868767275056406
361,0.09630851880276285,0.5693399846508057,0.3343514965464313
362,0.09630851880276285,0.5693399846508057,0.3343514965464313
363,0.0813542998733747,0.3101766068572424,0.6084690932693727
364,0.015287066476629028,0.6455199812836033,0.33919295223976736
365,0.03210283960092096,0.8218312769348843,0.14606588346419508
366,0.07779785646368864,0.8478393850805586,0.0743627584557508
367,0.01754374478826015,0.14150465039663412,0.8409516048151052
368,0.00875531989116027,0.7857542402966152,0.205490439812225
369,0.014175783965778467,0.8978992324685303,0.08792498356569158
370,0.10394282425172678,0.6433374904067536,0.2527196853415196
371,0.048116357663152476,0.4395643541401285,0.5123192881967193
372,0.0687917991448306,0.6923857033220041,0.23882249753316523
373,0.29476999867841086,0.5546188599466824,0.1506111413749075
374,0.03174129250372866,0.45512080903150204,0.5131378984647684
375,0.043776599455801306,0.5269727202958207,0.4292506802483778
376,0.06563156966047377,0.7036179326902517,0.2307504976492745
377,0.08025709900230238,0.6411166538756715,0.2786262471220261
378,0.0727441098595275,0.7558276468007116,0.1714282433397602
379,0.02602932940615211,0.7002518941048407,0.27371877648900744
380,0.09090744679497918,0.8255361723081464,0.08355638089687373
381,0.3576727599204369,0.542819371444802,0.09950786863476078
382,0.025344347053358644,0.20219745553409835,0.7724581974125434
383,0.02918439963720087,0.7524382196974797,0.21837738066531948
384,0.11057685163954478,0.7942860703926353,0.09513707796781802
385,0.07743807885060136,0.8234263496012681,0.0991355715481272
386,0.0792404486827613,0.7295455129939653,0.19121403832327344
387,0.08025709900230238,0.6411166538756715,0.2786262471220261
388,0.05407613728035312,0.8066849441918865,0.13923891852775896
389,0.010468317261169893,0.5728801513106757,0.4166515314281547
390,0.08137958764521332,0.48980969660308354,0.42881071575170093
391,0.02469449200070842,0.7187929142572274,0.25651259374206425
392,0.09630851880276285,0.5693399846508057,0.3343514965464313
393,0.0687917991448306,0.6923857033220041,0.23882249753316523
394,0.033644004056787226,0.66853617362375,0.2978198223194624
395,0.019434288445399475,0.42586237775355873,0.5547033338010415
396,0.011288824547320105,0.6877827834033289,0.3009283920493517
397,0.11798696879483296,0.76276795943741,0.119245071767757
398,0.020630073544492953,0.8324648110818365,0.14690511537366951
399,0.008856938675499372,0.1547221248421887,0.8364209364823131
400,0.06826040744511533,0.31030338967799936,0.6214362028768854
402,0.025344347053358644,0.7464745820423104,0.22818107090433087
403,0.05350473266820159,0.6369349121075906,0.3095603552242079
404,0.043776599455801306,0.6362013704335618,0.3200220301106369
405,0.05423512010041833,0.7175311846822409,0.2282336952173407
406,0.0642056792018419,0.7128933231005372,0.2229009976976209
407,0.06362644954171907,0.7325661467336572,0.20380740372462355
408,0.035493421712499584,0.29753930240889653,0.6669672758786036
409,0.012841135840368388,0.10261240244456202,0.8845464617150709
411,0.043776599455801306,0.7622344282848014,0.19398897225939712
412,0.00852287777015601,0.4232947329663876,0.5681823892634563
413,0.08025709900230238,0.5577833205423381,0.3619595804553595
414,0.009085709321015377,0.7860338077203818,0.20488048295860373
415,0.02188829972790064,0.4633899414151279,0.5147217588569714
416,0.09770185545849132,0.6767670613569999,0.22553108318450898
417,0.028027196566731725,0.30394833948271816,0.6680244639505458
418,0.043096244492887216,0.8382326750561224,0.11867108045099058
419,0.07013278368120231,0.7238584852986885,0.20600873102010944
420,0.16228665851288476,0.6737721468836483,0.16394119460346723
421,0.011772840576938986,0.11054080134771443,0.8776863580753494
422,0.019099616671576582,0.39213187784722014,0.5887685054812047
423,0.018072942632792466,0.5281921675187908,0.45373488984841653
424,0.14578298983170362,0.7065935103614256,0.147623499806871
425,0.034395899572415296,0.5327063381744886,0.4328977622530963
426,0.013564580113065187,0.47200063537835085,0.5144347845085838
427,0.05350473266820159,0.7607444359171143,0.18575083141468407
428,0.26976123475739744,0.5073377675449816,0.2229009976976209
429,0.1794682877323666,0.655657135232302,0.1648745770353314
430,0.009758734504536591,0.7577448902226372,0.23249637527282296
431,0.08728389706400316,0.7219352590269202,0.19078084390907646
432,0.3724348658224787,0.5337734732038325,0.09379166097368874
433,0.02300159209849506,0.40865547114138573,0.5683429367601187
434,0.0642056792018419,0.5017822119894261,0.434012108808732
435,0.2514357827728682,0.6643652453702631,0.08419897185686684
436,0.05068869410671729,0.7733368340267398,0.1759744718665428
437,0.0642056792018419,0.5017822119894261,0.434012108808732
438,0.015267665327824753,0.19562470599739282,0.7891076286747818
439,0.13410305027613503,0.5623568537161603,0.30354009600770476
440,0.01606383765659427,0.39843090734443026,0.5855052549989762
441,0.09630851880276285,0.5693399846508057,0.3343514965464313
442,0.05068869410671729,0.629539841545537,0.31977146434774584
443,0.10857813578232521,0.7435033568300685,0.14791850738760584
444,0.09630851880276285,0.5693399846508057,0.3343514965464313
445,0.21734909104591957,0.5907953784903717,0.1918555304637051
446,0.0163670625374361,0.12110029653766563,0.8625326409248967
447,0.07130331779063115,0.5975757303975335,0.3311209518118339
448,0.07408347600212527,0.5917999881929275,0.33411653580494716
449,0.02730055763064057,0.7916695782270287,0.18102986414233174
450,0.008025709900230224,0.7133482325059254,0.27862605759384573
451,0.29104141541497647,0.6016207104484157,0.10733787413660784
452,0.053824625526664095,0.8210259896576038,0.12514938481573218
453,0.04449101001373869,0.671795008556147,0.2837139814301123
454,0.01416301747099455,0.7919503440034097,0.19388663852559543
455,0.028253200366671196,0.7766599832036425,0.1950868164296869
456,0.0267523663341008,0.7617175650218679,0.21153006864403154
457,0.021608189195604987,0.8064269563231958,0.17196485448120005
458,0.04187326904467949,0.6628223912184004,0.2953043397369201
459,0.34140456090340987,0.45815371121587517,0.20044172788071474
460,0.2155395441790069,0.54335579912171,0.24110465669928421
461,0.04586119942988708,0.46357459586546296,0.49056420470464984
462,0.1284344368054453,0.702562234137831,0.1690033290567236
463,0.2000316651969261,0.4187049407295244,0.38126339407355214
464,0.01802743756852759,0.8013414189548664,0.18063114347660422
465,0.04187326904467949,0.6657585854589423,0.2923681454963781
466,0.02121133735786252,0.11098673706635566,0.8678019255757816
467,0.038523407521105155,0.7663373924617208,0.19513920001717397
468,0.028326034941989073,0.8480514918735603,0.12362247318445092
469,0.034395899572415296,0.3071818626500131,0.6584222377775715
470,0.05665206988397815,0.5849058733240033,0.3584420567920185
471,0.014383827911399156,0.5603034489255692,0.42531272316303065
472,0.05665420831660207,0.7520185895485434,0.19132720213485463
473,0.05455167616934414,0.6946835970627309,0.2507647267679253
474,0.007296099909300223,0.8938264618681948,0.09887743822250626
475,0.0823719675693389,0.7075046877206218,0.21012334471003963
476,0.028326034941989073,0.6934305103540171,0.27824345470399375
477,0.004675170815668121,0.07669672454812558,0.9186281046362016
478,0.10042339740516365,0.6731881896210895,0.2263884129737468
479,0.015287066476629028,0.8201518914739231,0.16456104204944885
480,0.6273815422692026,0.31299748891919876,0.05962096881159866
481,0.06597916440600973,0.7707853047575108,0.16323553083647938
482,0.03320983406991822,0.6504537420416517,0.31633642388843
483,0.043776599455801306,0.7587909021140024,0.19743249843019609
484,0.02821414866768617,0.7453982987500445,0.22638755258226892
485,0.10906028822375712,0.5940777692504475,0.2968619425257952
486,0.06887286558502853,0.8045956348328033,0.1265314995821684
487,0.006507332351538021,0.2717031090107388,0.7217895586377225
488,0.07515824627846213,0.8138845975862875,0.11095715613524797
489,0.2757943117798301,0.5737346609514515,0.15047102726871825
490,0.025134381156097074,0.16584622847173305,0.8090193903721673
491,0.11581889815713371,0.7833419642129913,0.10083913762987559
492,0.055609553643670116,0.7657226955676582,0.17866775078867164
493,0.07408347600212527,0.6687230651160044,0.25719345888187023
494,0.09630851880276285,0.5693399846508057,0.3343514965464313
495,0.045186709768444216,0.2845569221432612,0.670256368088294
496,0.07099172848980982,0.7147799948836023,0.21422827662658822
497,0.0676690015626789,0.8131845192240212,0.11914647921329964
498,0.09630851880276285,0.5693399846508057,0.3343514965464313
499,0.05365601461310979,0.7738204318569314,0.1725235535299597
500,0.10262479266246724,0.7555110713470348,0.14186413599049696
501,0.010371712471396588,0.4787188327496661,0.5109094547789415
502,0.0267523663341008,0.7073212750933731,0.26592635857252644
503,0.11431880503958397,0.8021142156961371,0.08356697926427849
505,0.09630851880276285,0.5693399846508057,0.3343514965464313
506,0.18097763415576246,0.6734066851988628,0.1456156806453741
507,0.09506754863623629,0.6722480652532181,0.23268438611054554
508,0.4939723115209077,0.4492228529278214,0.05680483555127071
509,0.09630851880276285,0.5693399846508057,0.3343514965464313
510,0.03210283960092096,0.7921609472645545,0.17573621313452478
511,0.08922977399860983,0.7941120979742724,0.11665812802711736
512,0.029396743615862853,0.5084405997572068,0.46216265662693096
513,0.017197949786207666,0.8879456870143491,0.09485636319944372
514,0.05067054171920063,0.8788220017496277,0.0705074565311729
515,0.09630851880276285,0.5693399846508057,0.3343514965464313
516,0.006596473890600171,0.8135561285532907,0.17984739755610968
517,0.11356338856750046,0.6827473084024589,0.2036893030300388
518,0.06538107475367645,0.7953058016853103,0.13931312356101302
519,0.025606954954699956,0.42505617793245454,0.5493368671128456
520,0.31019282425172673,0.39333749040675364,0.2964696853415196
521,0.02319204809421114,0.8448229418021582,0.13198501010362962
522,0.125316790312953,0.6517822119894261,0.2229009976976209
523,0.12008355913355384,0.5277237537984855,0.3521926870679602
524,0.08025709900230238,0.47444998720900483,0.4452929137886928
525,0.02918439963720087,0.7141297144772096,0.2566858858855895
526,0.009630851880276268,0.7282987466306086,0.262070401489116
527,0.009827399877832958,0.8517918903565608,0.13838070976560626
528,0.05068869410671729,0.5035999919214768,0.44571131397180597
529,0.004397649260400118,0.8922569983308156,0.10334535240878812
530,0.2065754851441728,0.6068285641194313,0.18659595073639582
531,0.12595942413237132,0.7777821152962047,0.0962584605714242
532,0.060192824251726784,0.6558374904067535,0.28396968534151956
533,0.04490449161444929,0.37962112185407443,0.5754743865314699
534,0.010700946533640312,0.40643701318459347,0.5828620402817672
535,0.05498193809892081,0.7429193274593998,0.2020987344416795
536,0.06690192329226977,0.8259281525778585,0.10716992412987224
537,0.052734698269384775,0.6403637212621872,0.306901580468428
539,0.032842312106329055,0.8492550078542191,0.1179026800394492
540,0.022397329954130903,0.7809799095405655,0.19662276050530356
541,0.0642056792018419,0.7128933231005372,0.2229009976976209
542,0.1034955146044939,0.6869576995728184,0.2095467858226876
543,0.04012854950115119,0.28444721582672466,0.6754242346721243
544,0.059697466554944734,0.7129314040246396,0.22737112942041598
545,0.03815819982377632,0.8306303725257073,0.13121142765051558
546,0.04924278635576894,0.8272983535472463,0.12345886009698075
547,0.00655159991855528,0.7935658412848026,0.1998825587966423
548,0.015095217360477635,0.48071033894030957,0.5041944436992202
549,0.016604917034959116,0.8076167374797647,0.17577834548527635
550,0.0370755565744054,0.8172951253572898,0.14562931806830504
551,0.021549534495580433,0.5334959429547405,0.44495452254967854
552,0.09630851880276285,0.5693399846508057,0.3343514965464313
553,0.1419624309692965,0.7287155367957985,0.12932203223490463
554,0.08025709900230238,0.6411166538756715,0.2786262471220261
555,0.010871143752182132,0.8511682351717721,0.13796062107604354
556,0.10559702432102822,0.7803104472903717,0.1140925283886009
557,0.6718944706640186,0.2732938085906647,0.054811720745316664
558,0.01741571328872217,0.5029178349897423,0.47966645172153677
559,0.04815425940138142,0.4388366589920695,0.513009081606549
560,0.05350473266820159,0.5755592507319292,0.3709360165998693
561,0.010355754709974511,0.3652500401187221,0.6243942051713038
562,0.10695743595441408,0.8222437962654489,0.07079876778013915
563,0.02602932940615211,0.6853873746178953,0.28858329597595267
564,0.09630851880276285,0.5693399846508057,0.3343514965464313
565,0.02090826248381684,0.6848506920819264,0.2942410454342577
566,0.020987414655009213,0.26823430961548916,0.7107782757295029
567,0.2252938880637759,0.6805488819966002,0.09415722993962304
568,0.034891581102367016,0.4712793700403672,0.4938290488572654
569,0.07346314486529715,0.6720730846642071,0.2544637704704955
570,0.15309456809073077,0.5628933231005371,0.284012108808732
571,0.03253350329616122,0.8628117536603109,0.104654743043529
572,0.12118463913549359,0.7934840522883455,0.08533130857616103
573,0.022397329954130903,0.7612997100287701,0.2163029600170987
574,0.06039998363836351,0.5270890847677914,0.4125109315938503
575,0.09732018645164103,0.8428764500242711,0.059803363524092636
576,0.027516719657932235,0.8139724219183709,0.158510858423697
577,0.08025709900230238,0.5577833205423381,0.3619595804553595
578,0.05665206988397815,0.6927490105789053,0.2505989195371165
579,0.034395899572415296,0.7678693894089682,0.1977347110186163
580,0.06466644990805022,0.7986850176943056,0.13664853239764502
581,0.022110373451424813,0.3876221891136982,0.5902674374348783
582,0.018993392951194506,0.12738961072033753,0.8536169963284668
583,0.043715102272864306,0.6715593972109996,0.2847255005161358
584,0.027286192272830162,0.4508175437136906,0.5218962640134797
585,0.0642056792018419,0.6628933231005372,0.27290099769762094
586,0.012841135840368388,0.5713275637069295,0.41583130045270245
587,0.038523407521105155,0.2277359938603224,0.7337405986185724
588,0.021961014691049344,0.8033618989569937,0.17467708635195608
589,0.02469449200070842,0.6846067300710432,0.29069877792824844
590,0.02918439963720087,0.7292236175355088,0.24159198282729002
591,0.18451536238222221,0.6994256974353903,0.11605894018238656
592,0.3668630448277895,0.5297623646939209,0.10337459047829059
593,0.04187326904467949,0.7250753556452778,0.23305137531004266
594,0.04586119942988708,0.5962276570899528,0.35791114348016007
595,0.022397329954130903,0.6285783705111195,0.3490242995347495
596,0.024979007573215705,0.33668373710282823,0.6383372553239554
597,0.03453830040139768,0.4932943939946726,0.47216730560392844
598,0.03034708324762163,0.8256995429352862,0.1439533738170906
599,0.09630851880276285,0.5693399846508057,0.3343514965464313
600,0.008231497333569458,0.31354362008728,0.6782248825791504
601,0.07043443987675249,0.8057316725134581,0.12383388760978935
602,0.19081731279808664,0.5176687363103988,0.2915139508915146
603,0.10203702145603817,0.6059028774990981,0.29206010104486674
604,0.02469449200070842,0.80236362885096,0.17294187914833173
605,0.043742650952710654,0.7514434221046087,0.20481392694267844
606,0.1046371026654121,0.7743762505805054,0.1209866467540825
607,0.02602932940615211,0.7237410834979201,0.2502295870959278
608,0.13014023581943762,0.6648515081746086,0.20500825600595365
609,0.04586119942988708,0.5835481408390081,0.3705906597311049
610,0.15783155124957443,0.6379984881620783,0.2041699605883473
611,0.015962205678949182,0.5477927119138858,0.43624508240716403
612,0.07408347600212527,0.6687230651160044,0.25719345888187023
613,0.008778954373916308,0.7473891403424109,0.24383190528367318
614,0.038523407521105155,0.671325737450066,0.2901508550288289
615,0.02407712970069072,0.7960668802206725,0.17985599007863684
616,0.012305683082384574,0.5063695011900591,0.48132481572755803
617,0.007455380562182002,0.06920215101883828,0.9233424684189813
618,0.01003213737528782,0.088574581500519,0.9013932811241934
619,0.3676595833153058,0.46065282491594567,0.17168759176874912
620,0.04012854950115119,0.728807485186994,0.23106396531185477
621,0.42462433052288834,0.48111449615761126,0.0942611733194989
622,0.15080489288658874,0.5858808609707366,0.2633142461426749
623,0.02602932940615211,0.4674038736424034,0.5065667969514446
624,0.030425492648297577,0.7292032750407137,0.2403712323109896
625,0.013758359828966117,0.8843056876955374,0.10193595247549578
626,0.01976973451314082,0.3800541332511238,0.6001761322357358
628,0.20057963785338095,0.7344462970611113,0.06497406508550851
629,0.01775533250587308,0.8500866869042493,0.13215798058987882
630,0.07377766798197773,0.653213373397154,0.273008958620868
631,0.08999579868894826,0.6773810209944214,0.2326231803166303
632,0.08025709900230238,0.47444998720900483,0.4452929137886928
633,0.0687917991448306,0.6923857033220041,0.23882249753316523
634,0.3569852359902447,0.5916594180150024,0.051355345994753124
635,0.05665206988397815,0.5192195988141994,0.4241283313018224
636,0.008231497333569458,0.6857699532622734,0.30599854940415844
637,0.09630851880276285,0.5693399846508057,0.3343514965464313
638,0.013188649692610748,0.6221171516538506,0.3646941986535362
639,0.026586270428010515,0.5854648582772861,0.38794887129470174
640,0.02157327050705472,0.6378610057124252,0.34056572378052125
641,0.014122403991338529,0.13885877427708668,0.8470188217315744
642,0.09458283082995284,0.3864557066111172,0.51896146255893
643,0.057090414845966594,0.8077540586316859,0.13515552652234752
644,0.15826663743010633,0.5364058115784899,0.3053275509914037
645,0.011081796109445818,0.7134194496545776,0.27549875423597575
646,0.05350473266820159,0.6099507851234636,0.3365444822083349
647,0.016323477763180133,0.2537723084498831,0.7299042137869369
648,0.007829960878273392,0.06950756926279354,0.9226624698589319
649,0.04926824848639885,0.681780995875873,0.2689507556377281
650,0.03210283960092096,0.6796408965092098,0.2882562638898695
651,0.14867838269419942,0.767986089830316,0.08333552747548423
652,0.019245137043273564,0.8724510948811376,0.10830376807559103
653,0.04012854950115119,0.7333399897194985,0.2265314607793503
654,0.2390629153938374,0.5313858612164486,0.2295512233897141
655,0.047728278075776676,0.7585942719223701,0.1936774500018534
656,0.04012854950115119,0.8205583269378357,0.13931312356101302
657,0.08025709900230238,0.5577833205423381,0.3619595804553595
658,0.031975474372550036,0.43354377665912947,0.5344807489683205
659,0.011465299857471774,0.18319063230180152,0.8053440678407273
660,0.05449028587521274,0.592625262174793,0.3528844519500068
661,0.08430171545198738,0.5363438168671508,0.37935446768086223
662,0.05284562021278195,0.7853831616537903,0.16177121813342796
663,0.006507332351538021,0.16670136690633977,0.8267913007421211
664,0.01926170376055258,0.8352918011570793,0.14544649508236746
666,0.05350473266820159,0.5681518433245216,0.3783434240072767
667,0.2151517796150503,0.6000668658715194,0.18478135451343097
668,0.04728105088436343,0.7779860429420473,0.17473290617358872
669,0.04187326904467949,0.6311140029882729,0.3270127279670475
670,0.10552566138823798,0.6273412129744357,0.26713312563732633
671,0.009710290336233567,0.7270148476121695,0.2632748620515947
672,0.06331344653098994,0.8030265033739866,0.1336600500950247
673,0.228256274332936,0.70715551794564,0.0645882077214214
674,0.03566982177880106,0.8404962906114093,0.12383388760978935
675,0.013564580113065187,0.20328911992384865,0.7831462999630866
676,0.2931583413221515,0.4619273822900839,0.24491427638776436
677,0.03210458030863226,0.12189535872203229,0.8460000609693363
678,0.02783224565902044,0.544901994408965,0.4272657599320146
679,0.0687917991448306,0.6923857033220041,0.23882249753316523
680,0.008025709900230224,0.14084823720927825,0.8511260528904919
681,0.053993465712672696,0.7372671588890463,0.20873937539828147
682,0.005068869410671742,0.05598851364692535,0.9389426169424043
683,0.05665206988397815,0.7466705792063565,0.1966773509096655
684,0.07408347600212527,0.6687230651160044,0.25719345888187023
685,0.29926133504104496,0.5931864241492448,0.10755224080971036
686,0.09144282425172678,0.6683374904067536,0.24021968534151958
687,0.05665206988397815,0.589807834108317,0.3535400960077047
688,0.09630851880276285,0.5693399846508057,0.3343514965464313
689,0.029188997719256992,0.9002966983837587,0.07051430389698528
690,0.03567313925597953,0.2350816136806672,0.7292452470633544
691,0.02093663452233974,0.5888531739207442,0.39021019155691633
692,0.1635904323356357,0.5577833205423381,0.2786262471220261
693,0.12772524984516165,0.7053173197647803,0.16695743039005803
694,0.005410590943975445,0.5859742233094943,0.4086151857465302
695,0.016612612211191532,0.7741352003354479,0.20925218745336174
696,0.04427691119035887,0.5347456897394289,0.4209773990702138
697,0.06669230393218809,0.7223415673292741,0.21096612873853826
698,0.015533632064961748,0.7377071659831047,0.2467592019519333
699,0.021533922007688444,0.8466427951703509,0.13182328282195974
700,0.010468317261169893,0.7095155897767772,0.2800160929620526
701,0.014122510499633464,0.18213786628548576,0.8037396232148829
702,0.0798772010295713,0.8343916460098055,0.08573115296062342
703,0.04187326904467949,0.6485272660537101,0.3095994649016104
704,0.01003213737528782,0.8201741439464412,0.16979371867827164
705,0.060192824251726784,0.5183374904067536,0.42146968534151963
706,0.008231497333569458,0.8607280259038952,0.13104047676253652
707,0.014571762316007781,0.8662532117066716,0.11917502597731999
708,0.08030867022048167,0.7990206775333288,0.12067065224618852
709,0.020268993163398825,0.7193760221573188,0.2603549846792827
710,0.0815655808187214,0.7702351888425971,0.14819923033868077
711,0.08025709900230238,0.5577833205423381,0.3619595804553595
712,0.011224354793191761,0.6420103462461982,0.3467652989606104
713,0.21969582414464384,0.7299833407521265,0.05032083510323034
714,0.022930599714943524,0.7166858869979875,0.26038351328706916
715,0.013544761375580392,0.08976826677699883,0.8966869718474229
716,0.009350341631336192,0.08369437193048347,0.9069552864381816
717,0.19663848274746207,0.6795276296427485,0.12383388760978935
718,0.041231622319906056,0.5669329993909141,0.39183537828917964
719,0.3652359959086219,0.49662623684176177,0.13813776724961718
720,0.018411014405300664,0.5512429827172127,0.4303460028774844
721,0.022225709971288355,0.2484484789817623,0.7293258110469479
722,0.04815425940138142,0.733281103436514,0.21856463716210453
723,0.07136398073658243,0.6757302383597473,0.2529057809036704
724,0.02849363331378688,0.670605169915555,0.3009011967706533
725,0.020064274750575595,0.8930793879358091,0.08685633731361536
726,0.21393104694838036,0.7303437036272148,0.05572524942440525
727,0.015786693708480452,0.08693048575908546,0.8972828205324345
728,0.03353901433709628,0.878790607107733,0.08767037855516813
729,0.41379943104616684,0.4929707720410645,0.09322979691276737
730,0.6006024092377559,0.317292305892347,0.08210528486989632
731,0.10340088196956963,0.7373841196749868,0.15921499835544345
732,0.027174043964229636,0.5868530958547109,0.3859728601810589
733,0.3012057240293084,0.38605471445072365,0.31273956151996796
734,0.03182856311253497,0.7951159367700465,0.17305550011741688
735,0.064903991019789,0.7225475512037207,0.21254845777649378
736,0.11908284808054571,0.6089248050491334,0.27199234687032076
737,0.09630851880276285,0.5693399846508057,0.3343514965464313
738,0.11254501446366373,0.5917999881929275,0.29565499734340867
739,0.08025709900230238,0.6411166538756715,0.2786262471220261
740,0.20408991751206976,0.7033206829585114,0.09258939952941989
741,0.005291676857294678,0.7789555196204277,0.2157528035222771
742,0.02188829972790064,0.8466676459971808,0.13144405427491881
743,0.09260132295435441,0.6685761795124803,0.23882249753316523
744,0.033245636039989195,0.7439799128309991,0.2227744511290125
745,0.1599214708887338,0.7471682020383577,0.09291032707291043
746,0.11416600311763687,0.7601592807112626,0.12567471617109882
747,0.1865168310091464,0.6176413401361944,0.19584182885466145
748,0.07408347600212527,0.6687230651160044,0.25719345888187023
749,0.011744941317410105,0.49329930126403515,0.49495575741855485
750,0.03320983406991822,0.8199205075276872,0.14686965840239458
751,0.0390231677721859,0.3397388423510627,0.62123798987675
752,0.02140189306728065,0.3061496262186973,0.6724484807140223
753,0.34409538437433906,0.5778843149946623,0.07802030063099848
755,0.03185265992367291,0.8106524355169072,0.1574949045594206
756,0.034395899572415296,0.7334377496201856,0.23216635080739895
757,0.027047015004459014,0.828375873222938,0.1445771117726032
758,0.08025709900230238,0.6411166538756715,0.2786262471220261
759,0.1507697169428017,0.517258814500474,0.3319714685567243
760,0.022600324957638262,0.41005377124989956,0.5673459037924615
761,0.31717110333495574,0.543544196839571,0.13928469982547256
762,0.1403966737918089,0.7637511204053582,0.09585220580283295
763,0.30168477803597366,0.5586508054565027,0.13966441650752529
764,0.12083109982879743,0.6731206092449377,0.20604829092626484
765,0.0688772473304155,0.4902764621953025,0.44084629047428314
766,0.11867271941812887,0.8314240721421057,0.04990320843976591
767,0.03419916043832233,0.49823982959047064,0.46756100997120614
768,0.07408347600212527,0.6687230651160044,0.25719345888187023
769,0.052736002368744844,0.8451929350248428,0.10207106260641256
770,0.11496269131217138,0.7010307312758759,0.18400657741195248
772,0.037933800278014324,0.8015399063892035,0.16052629333278298
773,0.017275901678229167,0.19885435497879775,0.7838697433429742
774,0.02918439963720087,0.46479202086707044,0.5060235794957287
775,0.060192824251726784,0.6058374904067536,0.33396968534151966
776,0.0687917991448306,0.6209571318934326,0.31025106896173665
777,0.03143530151629488,0.709681474886983,0.258883223596724
778,0.01747475205755242,0.6881181750793214,0.29440707286312534
779,0.025344347053358644,0.8356065518240808,0.13904910112256036
780,0.10989922042250677,0.5223969844026798,0.36770379517481344
781,0.05665206988397815,0.44863136352008187,0.49471656659594004
782,0.09544025765692737,0.22039951225606988,0.6841602300870022
783,0.2042743342650165,0.6707144587324626,0.12501120700251966
784,0.09994411398878236,0.7623146667829015,0.13774121922831645
785,0.05665206988397815,0.4849058733240034,0.4584420567920185
786,0.09630851880276285,0.5693399846508057,0.3343514965464313
787,0.11919434286889477,0.7023616942300072,0.17844396290109807
788,0.11556786740672773,0.7376542387868321,0.146777893806435
789,0.07408347600212527,0.6687230651160044,0.25719345888187023
790,0.02944828420109284,0.6820629482053974,0.2884887675935081
791,0.013014664703076075,0.8225518356633363,0.16443349963358753
792,0.0687917991448306,0.6923857033220041,0.23882249753316523
793,0.09347088413394168,0.7365043299051789,0.17002478596087695
794,0.1563204215100648,0.6697298705417621,0.17394970794817302
795,0.0491281963059149,0.8477168114450607,0.10315499224902427
796,0.09630851880276285,0.5693399846508057,0.3343514965464313
797,0.00655159991855528,0.1063322620034091,0.8871161380780344
798,0.14555637455407214,0.7207030268273553,0.13374059861857251
799,0.07004581467968933,0.8212905890734906,0.10866359624682109
800,0.07875421134923875,0.8128283887224237,0.10841739992833979
801,0.016051419800460466,0.7915818961073842,0.19236668409215585
802,0.11833154922175694,0.7890060304323359,0.0926624203459063
803,0.007408347600212503,0.21242083575281437,0.7801708166469743
804,0.010225837145686397,0.7328728955841343,0.2569012672701798
805,0.013477156571441584,0.2174132878201709,0.7691095556083862
806,0.060192824251726784,0.4495874904067536,0.49021968534151966
807,0.04815425940138142,0.7332811034365139,0.21856463716210453
808,0.03841920130470545,0.7245034354260227,0.23707736326927167
809,0.02918439963720087,0.7281537079129679,0.24266189244983127
810,0.0642056792018419,0.6517822119894261,0.284012108808732
811,0.004913699938916462,0.18622806750290802,0.8088582325581769
812,0.029554036233256475,0.6455031694565909,0.3249427943101526
813,0.03528661380829455,0.44575366899200003,0.5189597171997056
814,0.03704173800106263,0.8343615325580024,0.12859672944093511
815,0.04815425940138142,0.747169992325403,0.2046757482732157
816,0.07435757703228425,0.6818154311279627,0.2438269918397516
817,0.00535047326682015,0.09189936765011723,0.9027501590830619
818,0.02707122045293869,0.38017781305206394,0.5927509664949968
819,0.00872355783062619,0.10142319796681479,0.8898532442025617
821,0.03230872256173568,0.8600369282308452,0.10765434920742015
822,0.06237656204263696,0.7390660292042449,0.1985574087531183
823,0.060192824251726784,0.7308374904067536,0.20896968534151958
824,0.09630851880276285,0.5693399846508057,0.3343514965464313
825,0.007465776651376955,0.8100985217860377,0.18243570156258535
826,0.33253134890547126,0.5845856857458552,0.08288296534867179
827,0.040345560113392596,0.33596943870189744,0.623685001184711
828,0.007351795328455195,0.6468617853513485,0.3457864193201956
829,0.15560410276954292,0.7145744186120165,0.12982147861844098
830,0.04490939131167764,0.6609362333841623,0.29415437530416005
831,0.060192824251726784,0.5995874904067536,0.34021968534151964
832,0.058154763518773946,0.788527848449095,0.1533173880321296
833,0.08025709900230238,0.6411166538756715,0.2786262471220261
834,0.010245587106676893,0.10456280651556234,0.8851916063777621
835,0.027516719657932235,0.8769542813288013,0.09552899901326613
836,0.10847171971884176,0.6640350716904824,0.22749320859067595
837,0.015533632064961748,0.7185009416627973,0.2659654262722411
838,0.0847192475703944,0.22409530099138658,0.6911854514382199
839,0.006928670417464946,0.11211669574898872,0.8809546338335448
840,0.0674362035451828,0.7451971453122639,0.18736665114255294
841,0.05350473266820159,0.5961941713668498,0.35030109596494863
842,0.05653494254279775,0.8551540160239552,0.08831104143324806
843,0.1653268012916262,0.7325875737284752,0.10208562497989793
844,0.05350473266820159,0.6559825311552095,0.2905127361765888
845,0.3635263586069656,0.44248569596793463,0.193987945425095
846,0.04975958095104724,0.8556790544691755,0.09456136457977718
847,0.03704173800106263,0.5532964438006057,0.40966181819833153
848,0.10863849787637703,0.6432726674706717,0.24808883465295098
849,0.020064274750575595,0.8287966152524988,0.15113910999692565
850,0.010245587106676893,0.6754207839644877,0.31433362892883454
851,0.1478096407333676,0.7826167780673422,0.06957358119929127
852,0.018261439702872265,0.8232910418772523,0.15844751841987617
853,0.02188829972790064,0.8810556427171925,0.09705605755490634
854,0.13519282425172677,0.6558374904067535,0.20896968534151958
855,0.00992871327863534,0.5957479012962403,0.394323385425125
856,0.007187202895728582,0.07992619823369093,0.912886598870579
857,0.04815425940138142,0.7346699923254031,0.21717574827321567
858,0.02140189306728065,0.8383718484409197,0.1402262584917995
859,0.026100340156590747,0.5691086032684838,0.4047910565749253
860,0.117516528228073,0.6865337795389325,0.19594969223299452
861,0.04586119942988708,0.6915224416704518,0.2626163588996612
862,0.09630851880276285,0.5693399846508057,0.3343514965464313
863,0.06986971574227703,0.7620800968075347,0.16805018745018666
864,0.006928670417464946,0.08475687141752593,0.9083144581650098
866,0.07269282425172678,0.7058374904067536,0.2214696853415196
867,0.33835637687813674,0.5410156898886342,0.12062793323322885
868,0.02469449200070842,0.7133070796409583,0.2619984283583335
869,0.00972813321240029,0.8042046892628243,0.18606717752477647
870,0.0837406127239306,0.7332617165836055,0.18299767069246406
871,0.04586119942988708,0.672248065253218,0.2818907353168947
872,0.14198345697961967,0.5573377675449815,0.3006787754753987
873,0.035327355251027086,0.7393768175591651,0.22529582718980803
874,0.043776599455801306,0.3769727202958208,0.5792506802483779
875,0.007133964355760198,0.19513363395390795,0.7977324016903307
876,0.005632077122968567,0.11651003255840141,0.8778578903186288
877,0.06959998120506838,0.8109887700283488,0.11941124876658263
878,0.03704173800106263,0.5004006216740143,0.46255764032492297
879,0.0246811026199251,0.755776188508345,0.2195427088717299
880,0.02049117421335379,0.8844975304550778,0.09501129533156762
881,0.008374653808935881,0.4765612132506454,0.5150641329404184
882,0.05068869410671729,0.6588631498162134,0.2904481560770692
883,0.04250566042254769,0.6561178004416226,0.3013765391358325
884,0.053896726454360465,0.7511729750883513,0.19493029845728896
885,0.034847228652471855,0.789067128749927,0.17608564259760082
886,0.49944603628434947,0.42384312663944795,0.07671083707619751
887,0.0687917991448306,0.6923857033220041,0.23882249753316523
888,0.04815425940138142,0.7382414208968314,0.21360431970178712
889,0.07168720045680856,0.8200669825050666,0.10824581703812473
890,0.1010362878316783,0.7658122746781237,0.13315143749019762
891,0.06920038198933325,0.6893256495544023,0.24147396845626365
892,0.026578015231123436,0.5333846911168476,0.44003729365202854
893,0.05068869410671729,0.5650661573350106,0.3842451485582722
894,0.1635904323356357,0.47444998720900483,0.3619595804553595
895,0.04912533009109212,0.6485120700347194,0.30236259987418806
896,0.6818623805356937,0.2793293917499623,0.038808227714345465
897,0.1106090575851158,0.7710560610646016,0.1183348813502833
898,0.03008123954605549,0.8237785988516478,0.14614016160229654
899,0.060192824251726784,0.5933374904067535,0.3464696853415196
900,0.008598974893103819,0.5044703768941029,0.486930648212793
901,0.0872065580549116,0.7177316593778564,0.19506178256722928
902,0.05464262275103457,0.6343542892095331,0.3110030880394309
903,0.1056814874613881,0.8085873595779881,0.08573115296062342
904,0.0456168781082417,0.672717980439288,0.28166514145247024
905,0.006928670417464946,0.21187500607334236,0.7811963235091937
906,0.03320983406991822,0.7333437053575789,0.23344646057250298
907,0.03283682568242475,0.8991537166197017,0.0680094576978729
908,0.04586119942988708,0.7139714212622885,0.24016737930782445
909,0.016175269739515125,0.8063576562884032,0.17746707397208053
910,0.009172239885977403,0.8826507134716023,0.10817704664241982
911,0.0642056792018419,0.5851155453227592,0.3506787754753987
912,0.03523879803640012,0.6078034635003929,0.3569577384632057
913,0.07890077288481309,0.7474546216728425,0.17364460544234575
914,0.020064274750575595,0.7416818215148956,0.23825390373452954
915,0.038523407521105155,0.6931256042499325,0.26835098822896225
916,0.04815425940138142,0.5791144367698473,0.37273130382877123
917,0.2664428242517268,0.5245874904067537,0.20896968534151958
918,0.2137541073971999,0.7295761474254392,0.0566697451773613
919,0.25561210075425705,0.6395268767998084,0.10486102244593468
920,0.07043443987675248,0.8057316725134581,0.12383388760978935
921,0.08088251261106802,0.7552867611755387,0.16383072621339342
922,0.20624229424421742,0.7369711594097252,0.056786546346058814
923,0.013758359828966117,0.8935911381597922,0.09265050201124263
924,0.0642056792018419,0.7128933231005372,0.2229009976976209
925,0.17967048445461975,0.7568685573044367,0.06346095824094326
926,0.021865891847265437,0.8680900859654341,0.11004402218730054
927,0.05264172300212614,0.8434294937703567,0.10392878322751696
928,0.09297735489555854,0.6783960733937217,0.22862657171071987
929,0.00972813321240029,0.6213084122458157,0.36896345454178353
930,0.004767748455582337,0.3177657632136459,0.6774664883307745
931,0.05245887012266937,0.4442112337450681,0.5033298961322612
932,0.012375677389124111,0.8450561497558553,0.14256817285502327
933,0.025290526731673844,0.8848080783591324,0.08990139490919262
934,0.1635904323356357,0.5577833205423381,0.2786262471220261
935,0.0370182802000445,0.5745861004979529,0.38839561930200206
936,0.10796208360049893,0.7881613202220057,0.10387659617749573
937,0.004479465990826165,0.09576333611109547,0.8997571978980818
938,0.015085069006090591,0.5546155543635497,0.4302993766303557
939,0.038523407521105155,0.7957879419122704,0.1656886505666245
940,0.043776599455801306,0.7535960969191975,0.20262730362500125
941,0.011677498519451157,0.421664806240586,0.5666576952399629
942,0.019212565167217373,0.6836294701938093,0.29715796463897265
943,0.009379104680322934,0.7276000617309119,0.26302083358876327
944,0.029485112659316564,0.12081550218776939,0.8496993851529138
945,0.011889940592933688,0.4467000153980439,0.5414100440090226
946,0.3593693327862689,0.5639525764397048,0.07667809077402683
947,0.02188829972790064,0.7570400126146059,0.22107168765749285
948,0.04586119942988708,0.45894496623583336,0.4951938343342795
949,0.014592199818600415,0.5447345217771815,0.4406732784042185
950,0.060192824251726784,0.6058374904067536,0.33396968534151966
951,0.09630851880276285,0.5693399846508057,0.3343514965464313
952,0.0687917991448306,0.6923857033220041,0.23882249753316523
953,0.0675810142057577,0.9042285656329943,0.02819042016124629
954,0.04012854950115119,0.775861357240866,0.18401009325798273
955,0.060192824251726784,0.4308374904067536,0.5089696853415197
956,0.028824312111729936,0.2979896985669617,0.6731859893213076
957,0.01106994468997272,0.5078998628047479,0.48103019250527895
958,0.2864728928549341,0.6462788999296312,0.0672482072154358
959,0.012841135840368388,0.7337464650736214,0.2534123990860097
960,0.04933425987250755,0.509711530482401,0.4409542096450924
961,0.02188829972790064,0.8082228273843779,0.16988887288772175
962,0.09630851880276285,0.5693399846508057,0.3343514965464313
963,0.18507174855878197,0.7371720894536754,0.07775616198754215
964,0.05712355104059777,0.7480552400632571,0.19482120889614624
965,0.05405723094293735,0.8828575810294342,0.0630851880276286
966,0.15718917230685892,0.5557750800450056,0.2870357476481353
967,0.04775596392661343,0.25757466724387496,0.6946693688295096
968,0.05068869410671729,0.716945856583131,0.23236544931015185
969,0.013014664703076075,0.5607032338147354,0.42628210148218876
970,0.04187326904467949,0.584530152056596,0.3735965788987245
971,0.11465135499885366,0.7354010697756789,0.149947575225467
972,0.07889360973963037,0.6312785793684983,0.28982781089187115
973,0.03957376913412908,0.6595531679737487,0.3008730628921228
974,0.3513862019939805,0.5188251449912767,0.12978865301474243
976,0.09092922664077144,0.5151618974527646,0.3939088759064639
977,0.005177877354987232,0.12151375261316363,0.8733083700318499
978,0.07408347600212527,0.6687230651160044,0.25719345888187023
979,0.012558631322378003,0.46181867575183144,0.525622692925788
980,0.0182310129716587,0.17669079150264835,0.805078195525694
981,0.05304319341469399,0.8270263839931287,0.11993042259217786
982,0.0687917991448306,0.6923857033220041,0.23882249753316523
983,0.2592679896210211,0.4066714176077184,0.33406059277126043
984,0.024880869322542392,0.2001717181428808,0.7749474125345758
985,0.09890328082148445,0.8167533015896591,0.08434341758885616
987,0.2892831314757672,0.6162370599024145,0.09447980862181922
988,0.04012854950115119,0.7012207201002291,0.2586507303986199
989,0.09630851880276285,0.5693399846508057,0.3343514965464313
990,0.16402989438292584,0.5971476080839089,0.23882249753316523
991,0.2628915090690682,0.5769679009667741,0.16014058996416208
992,0.012178175650598531,0.37582553358598036,0.6119962907634227
993,0.04012854950115119,0.5692957006752094,0.39057574982363935
994,0.012672173526679344,0.7171774705078423,0.270150355965479
995,0.09630851880276285,0.5693399846508057,0.3343514965464313
996,0.01754009816318989,0.6500058960810124,0.3324540057557997
997,0.08114424411397957,0.7259563895037218,0.19289936638229863
999,0.0642056792018419,0.5628933231005371,0.3729009976976209
1000,0.005551939476113566,0.49961334880868996,0.4948347117151969
1001,0.4406682719534937,0.5220520419314594,0.037279686115042815
1002,0.02095055715750643,0.8176252811321069,0.16142416171038582
1003,0.07408347600212527,0.6687230651160044,0.25719345888187023
1004,0.02777195797793218,0.4009553983379936,0.5712726436840754
1005,0.0185467188965639,0.26288920096350865,0.7185640801399263
1006,0.020840647318881505,0.49218402910065334,0.48697532358046486
1007,0.03077946479254341,0.4360681516446537,0.5331523835628031
1008,0.02487783046252104,0.31578569865260847,0.6593364708848702
1009,0.014221904964576048,0.13343328984502567,0.8523448051903963
1010,0.02407712970069072,0.818757215247964,0.15716565505134525
1011,0.02332038515002043,0.24559440525155515,0.731085209598425
1012,0.3194511952731077,0.5265234880725903,0.15402531665430177
1013,0.05665206988397815,0.6692195988141995,0.2741283313018224
1014,0.01672513308799533,0.773302051119254,0.2099728157927504
1015,0.015533632064961748,0.12282145278042106,0.8616449151546172
1016,0.07408347600212527,0.43795383434677365,0.48796268965110107
1017,0.05068869410671729,0.7131864580868902,0.23612484780639242
1018,0.017428198233329778,0.6574817662620598,0.32509003550461146
1019,0.01219095174718518,0.1254794983036527,0.8623295499491623
1020,0.06506241355488258,0.5329302546904887,0.4020073317546268
1021,0.3200224143980371,0.5879775551242817,0.09200003047768238
1022,0.03232151801551203,0.6418856077017195,0.3257928742827677
1023,0.40879632183656767,0.5139391605428073,0.07726451762062365
1024,0.02348988263482021,0.5121425707549663,0.4643675466102136
1025,0.0976928242517268,0.6933374904067535,0.20896968534151958
1026,0.03516556739477854,0.1943569826282279,0.7704774499769933
1027,0.09630851880276285,0.5693399846508057,0.3343514965464313
1028,0.05017906342816864,0.7532131264031342,0.19660781016869883
1029,0.00752410303146586,0.33549856563649383,0.6569773313320387
1030,0.13278773071683642,0.3577353993291092,0.5094768699540531
1031,0.1832161993547114,0.7010908068263543,0.11569299381893491
1032,0.052704689582744296,0.706255475490677,0.24103983492657874
1033,0.2269862672051951,0.5969120093004248,0.1761017234943802
1034,0.18040632727892897,0.64000277138228,0.17959090133879083
1035,0.38306645189734256,0.5366364286672914,0.08029711943536595
1036,0.125982305586054,0.6520591666146454,0.22195852779930017
1037,0.08134392034161797,0.686337392461721,0.23231868719666113
1038,0.03447357237386543,0.3919842003002142,0.5735422273259201
1039,0.014374405791457132,0.7402976302793116,0.245327963929231
1040,0.028715715097149045,0.7761547596436202,0.19512952525923047
1041,0.07796412566707037,0.588527366522931,0.3335085078099983
1042,0.11644282425172679,0.6183374904067537,0.2652196853415196
1043,0.09630851880276285,0.5693399846508057,0.3343514965464313
1044,0.011744941317410105,0.803036613696539,0.18521844498605144
1045,0.029107389391119502,0.18144291255266973,0.7894496980562085
1046,0.018514529543377015,0.6141898833380032,0.36729558711862004
1047,0.008161738881590082,0.14029790869196407,0.8515403524264445
1048,0.038523407521105155,0.7454283015526301,0.21604829092626485
1049,0.021173280278021296,0.24513627636169652,0.7336904433602813
1050,0.6209122772772195,0.3320956974705601,0.04699202525221623
1051,0.026853597924204203,0.15089210665079536,0.8222542954249998
1052,0.07408347600212527,0.6687230651160044,0.25719345888187023
1053,0.1739627106708697,0.6088205953090321,0.21721669402009702
1054,0.017070824959231377,0.5771814146526202,0.4057477603881464
1055,0.05627134041069907,0.882160806140583,0.06156785344871639
1056,0.01219095174718518,0.41256511267198986,0.5752439355808253
1057,0.060192824251726784,0.5683374904067536,0.37146968534151964
1058,0.05350473266820159,0.628469303641982,0.3180259636898163
1059,0.10545288137201533,0.7097465780080799,0.1848005406199049
1060,0.01133041397679565,0.3729020484072101,0.6157675376159949
1061,0.0687917991448306,0.6923857033220041,0.23882249753316523
1062,0.019816409759901617,0.1842090405562094,0.7959745496838897
1063,0.04338606052349299,0.8362534176048786,0.12036052187162899
1064,0.0310969879055925,0.2081713189935109,0.7607316931008974
1065,0.013564580113065187,0.5321951409914341,0.4542402788955007
1066,0.03320983406991822,0.8514965464313122,0.11529361949876946
1067,0.020368784459678633,0.2225601229330618,0.75707109260726
1068,0.03811919866409522,0.6151709667270537,0.3467098346088506
1069,0.2227425217402194,0.6128175789419075,0.16443989931787328
1070,0.03704173800106263,0.6767857749822446,0.28617248701669273
1071,0.01416301747099455,0.5684248546548801,0.41741212787412546
1072,0.08025709900230238,0.6411166538756715,0.2786262471220261
1073,0.02040321635857955,0.8187035625678373,0.16089322107358198
1074,0.026106608215645623,0.16274567099642548,0.8111477207879275
1075,0.06551326647259109,0.8058900040864739,0.12859672944093511
1076,0.010700946533640312,0.574796831064888,0.4145022224014718
1077,0.1183578670390481,0.6464571347786194,0.2351849981823323
1078,0.09630851880276285,0.5693399846508057,0.3343514965464313
1079,0.05455558013608436,0.7977059947411176,0.14773842512279842
1080,0.01637115602469634,0.25982075744446254,0.7238080865308404
1081,0.16104381282189506,0.7179685534397958,0.12098763373831077
1082,0.023553691759127197,0.544784237333047,0.43166207090782327
1083,0.03432811505118269,0.7987969144505392,0.16687497049827885
1084,0.04815425940138142,0.6364557066111173,0.31539003398750143
1085,0.09645964032654301,0.6870818103911197,0.21645854928233793
1086,0.043776599455801306,0.804245447568548,0.15197795297565062
1087,0.10909955924894973,0.5052865544649429,0.38561388628610777
1088,0.20203532873825544,0.6670543248516355,0.130910346410108
1089,0.15718399894300794,0.7073422775538833,0.13547372350310993
1090,0.1274822416873321,0.7450075318800173,0.12751022643265075
1091,0.007465776651376955,0.45084494754172044,0.5416892758069034
1092,0.00972813321240029,0.0984191156982036,0.891852751089394
1093,0.011152694580937093,0.42777961504796147,0.5610676903711006
1094,0.005632077122968567,0.23365339374759433,0.7607145291294366
1095,0.01580423008507178,0.37734425641775476,0.606851513497174
1096,0.0687917991448306,0.6447666557029565,0.2864415451522129
1097,0.008145332524943892,0.5984686781801231,0.3933859892949328
1098,0.04586119942988708,0.7268021090929763,0.22733669147713664
1099,0.17817463835096395,0.7234866861942034,0.09833867545483273
1100,0.07821186116379027,0.7070396230899965,0.21474851574621343
1101,0.31632143249182076,0.5538430053504168,0.1298355621577626
1102,0.06448536207815439,0.8221926386900056,0.1133219992318389
1103,0.05084339099720783,0.8036271797449499,0.14552942925784235
1104,0.03411343420804404,0.5896428366672104,0.3762437291247449
1105,0.07753133556499418,0.6522225362621152,0.2702461281728907
1106,0.03613253660591036,0.4706852995927085,0.49318216380138175
1107,0.10222086268673351,0.7202265488195284,0.17755258849373767
1108,0.0349992720856551,0.8156396504135882,0.14936107750075797
1109,0.18846147457045376,0.5867130368281557,0.2248254886013904
1110,0.3005450193209367,0.6076700791696729,0.09178490150938999
1111,0.03181785624873506,0.9306145598696441,0.037567583881621444
1112,0.06204190816075965,0.7331655804940538,0.20479251134518814
1113,0.022149136637253732,0.7692576021979939,0.2085932611647517
1114,0.0063780476028319965,0.22436169906973122,0.7692602533274352
1115,0.035356826397851475,0.8080534887586239,0.15658968484352515
1116,0.07063610358803271,0.5612702409569779,0.3680936554549894
1117,0.24470333514201614,0.6048938103248697,0.15040285453311433
1118,0.03490099658293719,0.7200583919850213,0.24504061143204117
1119,0.007351795328455195,0.14208951910507797,0.8505586855664664
1120,0.042269498988410245,0.7240458968131442,0.23368460419844556
1121,0.014848357993735236,0.18146325109734018,0.8036883909089226
1122,0.02348988263482021,0.6461820907966074,0.33032802656857285
1124,0.05665206988397815,0.6398078341083171,0.3035400960077047
1125,0.07398353639386678,0.761470901750817,0.16454556185531666
1126,0.015287066476629028,0.37452167467989633,0.6101912588434749
1127,0.004652585449408831,0.2744119156182996,0.720935498932291
1128,0.016293631059865105,0.21640051745540553,0.7673058514847279
1129,0.09630851880276285,0.5693399846508058,0.3343514965464313
1130,0.07408347600212527,0.43795383434677365,0.48796268965110107
1131,0.24728576016171624,0.6397847632331385,0.11292947660514545
1132,0.35911104078726597,0.5765149701632521,0.06437398904948337
1133,0.025031784634630617,0.8707259579755481,0.10424225738982085
1134,0.31717883109723155,0.607402616890078,0.0754185520126903
1135,0.022025361503223134,0.615554960863244,0.36241967763353417
1136,0.11644632434948228,0.7540952722442501,0.12945840340626583
1137,0.38777662546233327,0.49887366235288905,0.11334971218477714
1138,0.08358796990738707,0.7383416563593096,0.1780703737333013
1139,0.014816695200425055,0.1453923368660468,0.8397909679335285
1140,0.021946471354345277,0.418989278296995,0.5590642503486566
1141,0.2749772668177142,0.6012180547649092,0.12380467841737584
1142,0.12418136975332573,0.5232761642565056,0.3525424659901675
1143,0.04012854950115119,0.7665810542105629,0.1932903962882858
1144,0.013758359828966117,0.5529840986496197,0.43325754152141427
1145,0.09630851880276285,0.5693399846508057,0.3343514965464313
1146,0.017834910889400514,0.7745582814504138,0.2076068076601855
1147,0.02617666190418498,0.876692396866321,0.09713094122949514
1148,0.031067264129923514,0.5177978445110126,0.45113489135906387
1149,0.003791673968612693,0.0830996489753127,0.9131086770560746
1150,0.09249079169125499,0.763218983841134,0.14429022446761083
1151,0.022397329954130903,0.644524504480509,0.33307816556535974
1152,0.1175177353444772,0.7795895880075322,0.10289267664799243
1153,0.0687917991448306,0.5971476080839089,0.33406059277126043
1154,0.5174893273054597,0.43385608809811516,0.048654584596423904
1155,0.011212431309915824,0.33816732751353107,0.6506202411765477
1156,0.3253273753248727,0.44319129767426324,0.23148132700086388
1157,0.05350473266820159,0.6782047533774318,0.2682905139543666
1158,0.09630851880276285,0.5693399846508057,0.3343514965464313
1159,0.020068009718066132,0.7477807333033694,0.23215125697856348
1160,0.009172239885977403,0.8841147058762081,0.10671305423781628
1161,0.016912008463999414,0.6639331544056425,0.3191548371303615
1162,0.10127983394301265,0.5276454912881511,0.3710746747688364
1164,0.10034471896672488,0.792265231413755,0.10739004961952006
1166,0.025692094478495246,0.8641044178841508,0.1102034876373559
1167,0.043776599455801306,0.5283698080565449,0.4278535924876537
1168,0.00875531989116027,0.8800332258690089,0.1112114542398327
1169,0.13364853452252232,0.7269847764353488,0.13936668904212607
1170,0.02248061145662158,0.8403747510309869,0.13714463751238926
1171,0.04815425940138142,0.784669992325403,0.16717574827321566
1172,0.2101928242517268,0.5245874904067537,0.2652196853415196
1173,0.09630851880276285,0.5693399846508057,0.3343514965464313
1174,0.026896332340896067,0.49596011991701644,0.4771435477420884
1175,0.04815425940138142,0.49915411930952985,0.45269162128908863
1176,0.10599956683136552,0.7042185777999188,0.1897818553687164
1177,0.0642056792018419,0.5684488786560926,0.3673454421420653
1178,0.06060424016114504,0.555196930888773,0.38419882895008184
1179,0.027516719657932235,0.8769542813288013,0.09552899901326613
1180,0.1635904323356357,0.47444998720900483,0.3619595804553595
1181,0.08524677038795098,0.46360341321315024,0.45114981639890056
1182,0.012498848325478413,0.5271433854532999,0.4603577662212227
1183,0.005410590943975445,0.04334400662832259,0.951245402427704
1184,0.008025709900230224,0.42424290735448467,0.5677313827452848
1185,0.01133041397679565,0.3292806399054423,0.6593889461177617
1186,0.08117430784602987,0.81960275807733,0.09922293407663967
1187,0.09630851880276285,0.5693399846508057,0.3343514965464313
1188,0.020563341714334764,0.5695466420881351,0.4098900161975302
1189,0.0642056792018419,0.5628933231005371,0.37290099769762086
1190,0.06729313886379999,0.7803262080819376,0.15238065305426363
1191,0.0642056792018419,0.5573377675449815,0.37845655325317645
1192,0.043776599455801306,0.5167995601226606,0.43942384042153804
1193,0.033158289538909175,0.7750165959894527,0.19182511447163847
1194,0.0313915972037092,0.7001943153001794,0.268414087496112
1195,0.029616293326091277,0.47531176429753197,0.49507194237637764
1196,0.034056266794296124,0.16507658554018034,0.8008671476655211
1198,0.01792195994261307,0.1152972929812891,0.866780747076099
1199,0.031067264129923514,0.7923429230883492,0.1765898127817272
1200,0.0687917991448306,0.4780999890362898,0.45310821181887956
1201,0.17202325118672013,0.5385222136948921,0.2894545351183878
1202,0.051824316403490236,0.7474715420947857,0.20070414150172433
1203,0.005150188171270752,0.5717111960050378,0.423138615823694
1204,0.03566982177880106,0.7838825339976526,0.18044764422354603
1205,0.33204110988071067,0.5731923948539449,0.09476649526534414
1206,0.08438621718834317,0.7623343183832619,0.15327946442839466
1207,0.054077268958393494,0.6243378190790823,0.3215849119625232
1208,0.04187326904467949,0.7322119388688176,0.22591479208650284
1209,0.037687283650819754,0.7275127652521627,0.23479995109701646
1210,0.0063780476028319965,0.5477088697673038,0.44591308262986196
1211,0.28105171720079913,0.6615166850715241,0.05743159772767635
1212,0.2088667071325349,0.7227867170357093,0.0683465758317567
1213,0.0642056792018419,0.37955998976720384,0.5562343310309542
1214,0.09630851880276285,0.5693399846508057,0.3343514965464313
1215,0.13201355084842828,0.642520482165324,0.22546596698624688
1216,0.08640865140869486,0.8412785333226604,0.07231281526864403
1217,0.21334195397720263,0.5878359482311093,0.19882209779168886
1218,0.06498391569716065,0.7637666823752782,0.17124940192756102
1219,0.004938898400141698,0.6588791124628245,0.3361819891370315
1220,0.04815425940138142,0.784669992325403,0.16717574827321566
1221,0.009350341631336192,0.17200950335994294,0.8186401550087204
1222,0.0375787964044463,0.7992545166385276,0.16316668695702552
1223,0.04187326904467949,0.49897898824456266,0.4591477427107578
1224,0.015183835197332048,0.4691405801747357,0.5156755846279324
1225,0.03028678418750548,0.36724478860277304,0.6024684272097246
1226,0.15797438755311893,0.6472486847798008,0.1947769276670808
1227,0.007829960878273392,0.26201598811530985,0.7301540510064174
1228,0.6488625988082422,0.21088476732974967,0.14025263386200823
1229,0.03537154962558429,0.6369485484827103,0.3276799018916965
1230,0.07510329697589867,0.750608831988341,0.17428787103576054
1232,0.09630851880276285,0.5693399846508057,0.3343514965464313
1233,0.023795426890313737,0.6992462874829284,0.2769582856267571
1234,0.17117415020553467,0.6905176083135267,0.13830824148093832
1235,0.01532206140448058,0.7499325145392312,0.234745424056289
1236,0.2005352117823338,0.6322890399444504,0.16717574827321566
1237,0.04586119942988708,0.7405020335071865,0.21363676706292647
1238,0.0642056792018419,0.7128933231005372,0.2229009976976209
1240,0.01165730695137649,0.37686258493253777,0.6114801081160869
1241,0.08878162568367641,0.42782151188789724,0.48339686242842644
1242,0.22550072418190525,0.5026601422974166,0.2718391335206782
1243,0.018457733508016425,0.8091670817192314,0.17237518477275296
1244,0.19561111505342763,0.5757160091644615,0.2286728757821109
1245,0.060192824251726784,0.5683374904067536,0.37146968534151964
1246,0.03566982177880106,0.6621653622804812,0.3021648159407177
1247,0.030227769429510533,0.7025905263344057,0.26718170423608456
1248,0.030747100029932643,0.5787846923368629,0.39046820763320494
1249,0.09065056505073472,0.7465646342186306,0.16278480073063425
1250,0.03277229604168451,0.6353615749543026,0.33186612900401863
1251,0.01754014245242349,0.7840139762630791,0.19844588128449553
1252,0.05665206988397815,0.46235685371616037,0.4809910763998616
1253,0.5290071192825777,0.4027175162580588,0.06827536445936709
1254,0.060192824251726784,0.7308374904067536,0.20896968534151958
1255,0.025880104497629477,0.8298669393570585,0.1442529561453114
1256,0.06901128418779996,0.8115774670456172,0.11941124876658263
1257,0.13381988949909135,0.6302194735425739,0.2359606369583346
1258,0.11803080107266083,0.6296809724428502,0.25228822648448923
1259,0.45941955510029053,0.35350500954438585,0.18707543535532226
1260,0.03704173800106263,0.795899994096464,0.16705826790247355
1261,0.034395899572415296,0.8115774670456174,0.15402663338196723
1262,0.07230377647743301,0.7326862236600588,0.1950099998625084
1263,0.09630851880276285,0.5693399846508057,0.3343514965464313
1264,0.0687917991448306,0.6209571318934326,0.31025106896173665
1265,0.03989728449177366,0.11429518648777318,0.8458075290204521
1266,0.030096412125863378,0.7171367350308869,0.25276685284324985
1267,0.025344347053358644,0.8351280829245592,0.13952757002208188
1268,0.08025709900230238,0.6411166538756715,0.2786262471220261
1269,0.01416301747099455,0.8012658888852012,0.1845710936438038
1270,0.08025709900230238,0.5577833205423381,0.3619595804553595
1271,0.08962997400257569,0.771056902436411,0.13931312356101302
1272,0.09630851880276285,0.5693399846508057,0.3343514965464313
1273,0.07870773066945674,0.7280819147293538,0.19321035460118968
1274,0.033261141645536264,0.827268313025723,0.13947054532874145
1275,0.011873493795995237,0.1942498080318426,0.7938766981721627
1276,0.01138592893103175,0.8646522056509778,0.12396186541799178
1277,0.07414087246623656,0.30183061928426014,0.624028508249503
1278,0.013191911508678048,0.8283334338962588,0.1584746545950619
1279,0.03812507571665398,0.3601065968684732,0.6017683274148729
1280,0.038509807009468516,0.7830180164946408,0.17847217649589103
1281,0.038523407521105155,0.6592744553987838,0.302202137080111
1282,0.0059084980860590825,0.741667209684566,0.252424292229375
1283,0.024647770955466133,0.6798771535343192,0.2954750755102137
1284,0.027516719657932235,0.8492898822358308,0.1231933981062366
1285,0.03177208165993882,0.6556405013324551,0.31258741700760573
1286,0.02140189306728065,0.7223554122145885,0.2562426947181309
1287,0.019350840425148348,0.29692000624005643,0.6837291533347957
1288,0.07408347600212527,0.4764153728083121,0.4495011511895626
1289,0.029353772815107988,0.6095154634340293,0.3611307637508602
1290,0.09376102813362983,0.6614771303566391,0.24476184150973102
1291,0.04538230756499324,0.6650313990015598,0.289586293433447
1292,0.09978932478593895,0.48490587332400337,0.41530480189005764
1293,0.21587634506458103,0.6728748237183917,0.1112488312170273
1294,0.27127227448573804,0.6526144319445496,0.07611329356971276
1295,0.03796390045520641,0.594416654943955,0.36761944460083795
1296,0.1635904323356357,0.47444998720900483,0.3619595804553595
1297,0.02024197197190159,0.2870352385218654,0.6927227895062325
1298,0.1335168690350676,0.7129163674868346,0.1535667634780973
1299,0.04815425940138142,0.7332811034365141,0.21856463716210453
1300,0.20553025721866885,0.650534509360295,0.14393523342103545
1301,0.060192824251726784,0.6870874904067535,0.2527196853415196
1302,0.04366955835585919,0.6484745791643334,0.30785586247980706
1303,0.043776599455801306,0.686929430252531,0.2692939702916679
1304,0.09460506569488224,0.683389497790178,0.2220054365149394
1305,0.19584633751172517,0.6846396547087259,0.11951400777954885
1306,0.037835951794570104,0.7452971381493159,0.2168669100561136
1307,0.27894282425172673,0.4808374904067536,0.24021968534151958
1308,0.01865865563190711,0.30793124926080534,0.6734100951072884
1309,0.11051953210956904,0.7763553786752009,0.11312508921523087
1310,0.21925266053817302,0.6230217778124745,0.15772556164935397
1311,0.08841599912754393,0.6672594031216991,0.24432459775075718
1312,0.08025709900230238,0.47444998720900483,0.4452929137886928
1313,0.024185612289986808,0.06870200965449531,0.9071123780555174
1314,0.060192824251726784,0.5495874904067536,0.39021968534151963
1315,0.08317053884974067,0.6390939324170329,0.2777355287332264
1316,0.1635904323356357,0.5577833205423381,0.2786262471220261
1317,0.07050070577371595,0.2188987512588687,0.7106005429674156
1318,0.08506651091403292,0.7646535699054041,0.1502799191805637
1319,0.030096412125863378,0.7810641700399781,0.18883941783415842
1320,0.08869105484400946,0.868181562612848,0.04312738254314232
1321,0.034395899572415296,0.6024428516610021,0.3631612487665826
1322,0.009827399877832958,0.3544922709799729,0.6356803291421941
1323,0.030096412125863378,0.6932081943163554,0.2766953935577813
1324,0.013564580113065187,0.6170859972704779,0.3693494226164572
1325,0.1261684355410372,0.7345184408979497,0.13931312356101302
1326,0.023291879700821853,0.37848414319265883,0.5982239771065186
1327,0.016784080580344453,0.3498152550687213,0.6334006643509348
1328,0.027053954706624316,0.5828708722342003,0.3900751730591761
1329,0.04815425940138142,0.784669992325403,0.16717574827321566
1330,0.09630851880276285,0.5693399846508057,0.3343514965464313
1331,0.1569849459826436,0.6592744553987838,0.1837405986185726
1332,0.018171418642030746,0.7728073608117324,0.20902122054623729
1333,0.10438266006186188,0.7436393869624877,0.15197795297565062
1334,0.11349830237854022,0.6881735745919111,0.19832812302954564
1335,0.1628753967001782,0.7279976999637213,0.10912690333610081
1336,0.01965479975566587,0.7720792129918885,0.2082659872524453
1337,0.08025709900230238,0.6411166538756715,0.2786262471220261
1338,0.045801817167441784,0.8276113903701241,0.12658679246243373
1339,0.1926618982440659,0.7436385964722424,0.06369950528369307
1341,0.05068869410671729,0.5064195407936573,0.4428917650996256
1342,0.009350341631336192,0.6934991650782397,0.2971504932904252
1343,0.016290090436829344,0.5889025730286407,0.39480733653452976
1344,0.0642056792018419,0.6517822119894261,0.284012108808732
1345,0.05956588160375638,0.8475587026889015,0.09287541570734209
1346,0.05350473266820159,0.5856121607848392,0.36088310654695915
1347,0.031067264129923514,0.629578363170089,0.3393543726999875
1349,0.0642056792018419,0.6517822119894261,0.284012108808732
1350,0.14092271855167787,0.633336403257303,0.2257408781910222
1351,0.0642056792018419,0.5240044342116483,0.4117898865865097
1352,0.01968887475773284,0.07438523628361576,0.9059258889586532
1353,0.02348988263482021,0.8535509365535757,0.12295918081160388
1354,0.16629019786611574,0.542133826507943,0.29157597562594134
1355,0.008448115684452893,0.4654235272800706,0.526128357035476
1356,0.07154914999414531,0.4840379612847945,0.4444128887210606
1357,0.020029526964639464,0.6186693561087638,0.36130111692659733
1358,0.030134710689200317,0.7885175016185392,0.18134778769226034
1359,0.3547640290209628,0.5964205456002625,0.048815425378773154
1360,0.04815425940138142,0.784669992325403,0.16717574827321566
1361,0.02348988263482021,0.6712271941556023,0.30528292320957745
1362,0.03323578925971015,0.8334711062403181,0.13329310449997211
1363,0.023437014215705668,0.7940383861392782,0.1825245996450195
1364,0.0642056792018419,0.5295599897672039,0.4062343310309542
1365,0.480416926600632,0.427810849855658,0.09177222354370912
1366,0.2559510280996399,0.5196805812913416,0.2243683906090185
1367,0.028326034941989073,0.848746844599508,0.12292712045850268
1368,0.014962250828871147,0.8225708475035586,0.16246690166756927
1369,0.0687917991448306,0.4542904652267661,0.47691773562840334
1370,0.028326034941989073,0.8733352896031783,0.09833867545483273
1371,0.08025709900230238,0.6411166538756715,0.2786262471220261
1372,0.26114139022184857,0.6560178981403942,0.08284071163775704
1373,0.0642065729988603,0.46708438314466094,0.4687090438564788
1374,0.018171418642030746,0.27780455490977723,0.7040240264481916
1375,0.08025709900230238,0.5577833205423381,0.3619595804553595
1376,0.4285063509302648,0.5182092973751928,0.05328435169454227
1377,0.32713547209671034,0.602930733617304,0.06993379428598713
1378,0.03509283693984215,0.6485080648580546,0.3163990982021013
1379,0.05665206988397815,0.7466705792063565,0.1966773509096655
1380,0.09153394345672976,0.7651717113836979,0.14329434515957193
1381,0.01380125041543402,0.06702519166074696,0.9191735579238183
1382,0.07188346273054633,0.5402838755104702,0.3878326617589847
1384,0.005291676857294678,0.7237761663756637,0.27093215676704296
1385,0.00852287777015601,0.9000541872394212,0.09142293499042019
1386,0.26544648444418206,0.6008129169372453,0.13374059861857251
1387,0.041272449879835776,0.7061305303220948,0.25259701979807836
1388,0.29794880810588975,0.5988084237131103,0.1032427681810001
1389,0.01803485151648047,0.39080080650159194,0.591164341981927
1390,0.013957756348226493,0.34583238415056267,0.6402098595012106
1391,0.21584302387668244,0.5971204954457887,0.18703648067752884
1392,0.03566982177880106,0.8043190419341606,0.1600111362870381
1393,0.04673191742690059,0.294109745454834,0.6591583371182667
1394,0.0738499639545821,0.45173253712229017,0.4744174989231362
1395,0.08847239013478392,0.8131889344103831,0.09833867545483273
1396,0.05665206988397815,0.6260823439122386,0.3172655862037832
1397,0.05900979533033253,0.6020420389249992,0.33894816574466746
1398,0.40932057576008796,0.5469710528519197,0.0437083713879909
1399,0.0633548050420047,0.8385137492470764,0.09813144571091827
1401,0.4177155707762223,0.49573714376152894,0.08654728546224408
1402,0.2811568839767966,0.6697553249398039,0.04908779108339825
1403,0.020761135257096854,0.43497028526431547,0.5442685794785865
1404,0.07510850791198205,0.6728730191683413,0.25201847291967666
1405,0.02469449200070842,0.8596221054067852,0.11568340259250695
1406,0.008598974893103819,0.41711534925057253,0.5742856758563243
1407,0.06729458575107819,0.5678524463325125,0.3648529679164081
1408,0.0857138487548244,0.718795162408563,0.1954909888366127
1409,0.14022037057340203,0.6209571318934327,0.23882249753316523
1410,0.029586796379295,0.7239070037003315,0.24650619992037465
1411,0.030510316414154706,0.5057041502918924,0.4637855332939551
1412,0.06524686620619082,0.8061564043528741,0.12859672944093511
1413,0.06314665702841106,0.7061175271942968,0.23073581577729135
1414,0.03993011829188129,0.517739138818635,0.4423307428894837
1415,0.016794255207825043,0.3306247337662376,0.6525810110259377
1416,0.03961658128169058,0.7223517287228788,0.23803168999543062
1417,0.16713569283406385,0.6676127835289312,0.1652515236370047
1418,0.2978949158533777,0.5990879240537744,0.10301716009284813
1419,0.016896231368905758,0.45224058898242575,0.5308631796486692
1420,0.0687917991448306,0.6447666557029565,0.2864415451522129
1421,0.006782290056532611,0.1464540985785537,0.8467636113649146
1422,0.008093152840568323,0.8544111884351142,0.13749565872431949
1423,0.09630851880276285,0.5693399846508057,0.3343514965464313
1424,0.0687917991448306,0.6923857033220041,0.23882249753316523
1425,0.0038523407521105007,0.3105348458346303,0.6856128134132603
1426,0.012257478154207902,0.20677021388979383,0.7809723079559996
1427,0.0642056792018419,0.46844887865609275,0.46734544214206525
