building_id,damage_grade
757764,2
139660,2
500834,2
50321,2
360305,3
771931,3
599063,2
460579,2
464432,2
9824,2
101783,3
494301,2
110286,2
535701,3
514420,2
885849,3
82140,2
164287,2
316175,2
256067,2
377797,1
499726,3
409441,2
428498,2
278438,2
334766,2
47926,2
311821,2
878524,2
384779,2
917238,3
779856,2
159907,3
1012944,2
1037968,2
275943,2
565489,2
942487,2
690303,1
97252,3
751184,2
152731,2
590120,3
393875,2
504676,2
563037,2
452135,2
584831,2
387142,2
989574,3
998157,2
1049906,2
373281,2
1007213,1
146656,3
157252,3
1024124,1
862865,1
988110,2
912488,3
825372,2
485322,2
596001,2
410127,2
268125,2
1024121,3
995364,2
760891,1
675679,3
8937,2
179658,3
681953,1
498910,2
499256,2
405080,2
751688,2
456906,2
1016329,3
805878,2
378029,3
311129,2
393748,2
934280,2
774790,3
169558,2
169985,2
357843,2
407453,2
317699,2
296364,2
467541,2
850916,2
883309,2
1026687,2
417574,2
896463,2
79953,2
963731,1
973262,2
1033224,2
153156,3
403866,2
667089,3
208776,2
754719,2
1006396,2
87893,2
659276,2
854614,2
815160,2
4644,3
633203,2
249739,2
435783,2
927621,2
48277,1
412535,3
958404,3
998045,1
15876,1
1026382,2
1017006,2
31034,1
577073,2
837284,3
212771,3
795060,2
289199,2
963396,3
124173,3
139410,2
953874,2
358328,2
1030299,1
393847,2
20209,3
343857,2
560002,2
537858,2
18541,2
413625,2
199066,2
683109,2
702874,2
109280,2
607428,2
271917,3
986605,1
2992,1
991707,2
180530,2
512837,2
791712,1
794677,2
840733,2
434498,3
541010,2
402784,3
752345,3
1020209,1
196518,1
301128,2
559828,2
34356,2
263533,2
699074,3
676556,2
959453,2
556694,2
968124,1
492025,2
1013532,2
952516,2
243269,3
67528,2
27415,3
1001434,3
603867,1
519659,3
340652,3
829545,2
861587,2
702437,2
802159,2
724070,2
20905,2
614269,3
888110,2
878048,3
719704,2
818439,2
604932,2
557378,3
1025094,1
881537,2
293935,2
968493,2
146493,2
79211,2
432008,1
886077,2
632480,2
179832,2
627806,3
390753,3
459066,2
657854,2
175414,2
175539,2
232521,1
762220,2
39856,2
253775,3
930212,2
986470,2
136215,3
572999,3
317490,2
86897,2
554808,1
1007119,2
527772,2
222963,2
348827,1
1015964,1
981157,2
267556,2
257211,1
880858,2
769587,3
333492,3
135585,2
1009050,3
952458,2
36404,1
591554,3
274956,2
877205,2
216003,2
695857,3
696647,2
471172,1
596104,2
19410,2
193077,2
574693,3
679522,2
89614,2
271639,2
898968,1
642465,2
914004,2
762812,3
903495,3
1022224,2
514014,3
221735,2
920525,2
258847,2
698880,2
270977,2
922291,2
574540,2
888816,2
880526,3
1019524,3
763976,2
954176,1
411053,1
478643,2
716433,2
184239,3
296873,3
336559,3
130248,2
64268,2
12004,3
643524,2
402953,3
343384,2
319222,2
212914,3
304963,2
635655,3
699304,2
755461,2
951534,2
355863,2
143768,2
150154,2
705799,2
49629,2
660871,3
945731,3
800538,2
338331,2
795666,2
1025975,3
1011308,2
326633,2
342150,2
979414,2
295430,3
434149,2
127513,3
867701,2
537311,3
564257,3
215908,2
55123,2
452739,2
762928,3
942701,2
85431,1
864401,3
976795,3
287314,3
435030,2
1032196,3
184157,2
28586,2
514661,2
841715,2
190154,3
651147,2
915933,2
127117,2
559468,3
845532,3
762329,2
43958,2
465786,2
108409,2
507059,1
791695,1
632651,1
160025,2
449629,2
741639,2
784318,2
452652,2
217070,2
816773,2
994785,3
1011880,2
313998,2
456635,3
715681,3
266427,3
169839,2
271230,2
170502,2
732989,1
483523,2
760277,3
823969,2
345533,2
699693,2
779552,2
376264,1
557390,2
778339,3
492506,2
951579,2
587429,2
358923,3
447947,2
757933,3
773985,3
240425,3
981084,2
637039,2
89480,1
338625,3
782103,2
294951,2
939334,3
329657,2
323348,3
167900,2
278970,2
801837,2
428390,2
81672,2
678819,2
439153,2
874756,2
426337,3
620765,2
251496,2
658610,2
54447,2
110780,2
233501,2
769074,1
871693,3
85639,3
372149,2
605308,2
1022537,2
565704,2
182495,1
186570,3
913651,3
842043,2
726122,1
509704,2
1034040,2
263554,2
514352,1
600673,2
682414,2
18585,2
931198,2
11476,2
934256,2
64913,2
783155,2
583847,2
453625,3
90496,2
1016965,3
400670,2
534354,3
598791,3
396285,3
507196,2
73295,2
189818,2
1038672,2
909230,2
280964,3
853984,2
383500,3
470657,3
168882,2
769140,2
899851,2
100158,2
612081,3
630886,2
249646,2
451442,2
205583,3
772550,2
914704,2
268721,2
353570,2
395737,2
690872,2
445212,2
11846,3
230841,3
899341,2
753838,2
585838,2
36131,2
446397,2
529397,3
601744,3
419473,2
599342,3
833989,3
98587,3
822373,3
966938,2
388725,2
777945,2
460405,2
795515,3
189195,2
698721,2
689911,2
595458,3
922569,2
863881,2
627979,2
678675,3
225496,1
541271,2
62767,2
262061,2
399245,2
387177,2
229714,2
228850,1
120821,3
1017464,2
343669,2
789459,3
91237,2
341916,2
360651,3
799753,2
634785,3
165705,2
343266,2
762193,2
118065,3
589694,2
117042,3
625207,3
669171,2
466019,2
247224,2
940877,2
869471,3
488889,2
898438,1
827046,3
831339,2
584214,2
831548,1
988908,2
279043,3
500642,2
524628,2
597421,3
189576,2
253664,2
745228,3
28448,3
124319,3
1024706,2
678116,2
610268,3
68807,2
222675,2
1052234,2
253233,3
686631,2
295231,2
639593,2
133729,2
878554,2
108528,3
122782,1
150452,3
792819,3
758013,3
299916,2
979773,2
530298,2
11567,1
718278,3
965104,2
564161,1
180352,2
303249,2
745449,3
484325,2
199812,2
816799,2
460602,3
594439,2
22866,3
941226,3
245540,2
305490,2
1023187,3
222601,3
586994,2
213916,1
532603,1
898878,2
294556,2
792789,1
543817,1
844903,2
749449,3
942261,2
104992,2
200677,2
67481,2
792862,3
980465,1
1015616,2
450191,3
336476,2
1036671,2
703371,2
706855,2
194123,3
534003,3
554296,3
308418,2
1008360,2
65933,3
94904,2
830538,2
382487,3
880127,2
646181,2
83904,2
308095,2
486410,3
240115,2
229333,2
780260,3
694395,2
1037218,2
20402,2
479419,2
623697,2
95369,3
402651,1
233008,2
743995,3
964494,2
350405,2
369306,3
555031,3
896913,1
107581,2
527678,3
405523,3
435144,3
533615,2
345814,2
999176,2
848503,2
275900,2
257096,2
103079,3
691330,2
379969,2
1005912,3
543514,3
948185,3
223420,2
310450,2
363569,3
176383,2
192015,2
465079,2
522330,3
102672,2
1051364,2
294253,2
201226,3
276241,1
156004,2
706968,1
74266,1
740169,2
881318,3
512750,2
112881,2
36825,2
95050,1
605832,2
747793,2
590645,2
486951,2
486576,2
174852,3
696188,2
930430,2
81477,2
1037264,2
337841,3
623375,2
821483,2
1048031,2
314003,3
943351,2
515205,2
857568,3
897739,3
757436,2
434663,2
20940,2
782956,2
348622,2
868896,2
152514,2
565381,2
320878,2
841569,2
353881,2
101912,3
637416,2
710423,3
832695,2
835473,1
304974,2
103175,2
385082,2
331021,2
162070,1
890013,2
791449,3
399241,3
770112,1
301254,2
265006,2
597276,2
751934,3
734439,2
870604,2
389738,2
178396,2
905682,2
697701,2
797529,2
47209,1
976136,2
405468,3
972066,2
284568,3
889362,2
377847,2
523786,2
64954,2
808633,2
223577,2
666176,3
824000,1
724614,2
698350,2
495202,1
290180,2
407442,3
469707,1
1010964,2
619514,2
955490,3
1049829,2
846933,2
971550,2
1050865,3
1021563,2
468160,2
703256,2
70585,3
1009332,3
522273,2
812631,2
1007970,3
693318,2
917160,2
836052,3
457108,2
547864,2
268508,2
884735,3
623671,2
407157,2
612970,1
475523,3
394181,3
250782,2
448216,2
296442,2
450216,2
114318,2
960703,2
313706,2
203155,2
508842,3
989307,2
380270,2
373136,2
324028,2
952400,2
823910,2
964030,2
465108,3
854009,2
33231,1
274982,3
1048652,2
536987,2
220269,2
77474,2
789994,3
1021319,3
174579,3
676997,2
591495,2
75492,2
717524,3
627201,3
908425,2
717672,2
203653,2
232224,2
394740,3
438094,2
874533,2
562458,2
204497,3
851887,3
864265,2
187136,2
367084,1
817881,2
442992,2
409904,2
518268,3
615866,2
2162,2
777309,3
293140,2
998225,2
132195,2
523962,2
578386,3
398801,2
701115,2
254811,2
699498,2
633754,2
214807,2
85128,2
247192,2
921278,2
298110,2
1033777,2
698501,3
952823,2
570857,2
250495,3
138182,2
582062,2
698491,2
576051,2
155055,3
730148,3
465330,2
741174,3
802573,2
933330,3
603083,2
621419,2
320625,2
814904,2
514127,2
875848,2
819131,2
569096,2
1017321,1
802414,3
675756,2
286389,3
293703,2
612468,2
1022143,3
117982,2
860179,2
790673,2
202451,2
916983,3
79141,3
656684,2
138015,2
118511,3
793669,3
517230,3
108692,2
703272,3
528634,1
889354,2
1006895,2
8726,2
767735,2
729371,3
761331,1
263354,2
309574,2
133006,2
201286,3
208976,2
997711,2
930482,2
864468,3
4628,2
510131,2
856441,2
470495,2
416167,2
566204,2
405463,2
27783,3
428628,3
111472,2
938263,3
846934,1
753070,3
652953,1
161585,2
80232,2
865697,2
157272,2
204357,2
525716,3
409775,2
334046,2
75945,3
272758,3
305241,2
529,1
735596,2
968048,2
657366,2
307003,2
71816,2
43203,3
880198,2
909521,1
142163,2
577389,2
277238,2
166711,2
554936,2
374550,2
939411,2
893835,2
710115,2
261577,3
265413,2
470559,3
233785,2
243803,2
550944,2
693807,2
29050,2
717678,2
66913,2
857168,2
59515,1
856770,2
6297,3
629368,2
286452,2
585523,2
804355,2
434431,1
28654,2
401955,2
48137,2
753878,2
66824,2
26488,2
338239,2
819960,1
551489,2
932153,3
840627,2
304972,1
1000792,3
780440,2
354316,2
348049,2
89944,2
125876,3
471891,2
254864,3
293901,2
326578,2
618829,3
833934,2
206372,2
313831,2
779292,1
571477,2
760336,2
751778,2
460236,1
890863,2
29966,2
244721,2
273006,2
945275,2
107177,2
704822,3
475307,1
68328,3
434903,2
460880,2
323311,2
37202,2
787987,2
587228,2
104950,2
130284,3
137658,2
455631,2
900090,2
724074,2
846883,2
419241,1
151954,2
600672,1
463445,2
554241,2
918871,2
930659,2
602934,2
422926,2
91071,2
48435,2
464449,2
562665,3
917491,3
196605,2
463088,2
123234,1
662030,3
884611,3
350010,2
227854,2
872012,3
168170,2
80248,2
852948,2
253008,2
176650,3
108859,2
272730,3
993167,1
555477,2
476556,3
696646,2
63018,1
260077,2
195088,2
352019,1
523138,2
933088,3
953968,2
619566,2
355166,3
442372,3
299770,1
557978,2
692900,3
140269,2
349068,2
221792,2
633154,2
156750,3
901063,2
980323,2
669844,2
459683,3
536561,3
36471,2
1001280,3
893521,3
177994,2
848904,2
280603,1
457593,2
489022,1
798433,3
561455,1
225887,3
525314,2
192487,2
889497,2
443645,1
46022,3
238033,3
87383,3
725940,2
538233,3
159005,2
1047641,3
412446,2
674480,1
238594,2
28703,2
1006529,3
96664,2
112814,2
656819,2
1005776,2
351470,2
257176,2
792501,2
438828,1
477306,2
583488,3
100732,3
769931,1
516938,2
199702,2
278461,3
188014,2
991170,2
63243,2
449203,2
819315,2
62742,2
757244,1
933380,3
264096,3
772359,2
738860,2
106617,2
634392,2
398671,2
894356,2
534566,2
306433,2
724492,2
328022,2
450944,2
1046366,2
360615,2
264266,2
517367,2
1033734,2
443511,2
152640,2
1046122,3
90718,3
499142,2
827784,3
769006,2
743206,2
593618,2
316748,2
401322,1
1012701,2
498858,3
458576,2
537022,1
501489,2
517861,2
947197,3
758179,2
57134,3
176011,2
29643,2
399589,2
52856,2
58391,2
1014230,3
1018279,2
188609,2
144654,2
124586,3
800569,2
170673,2
266821,2
287897,2
597150,2
220703,2
639582,3
727020,3
724870,1
696261,3
949037,2
413891,3
298392,3
660395,2
417353,3
998351,3
1040251,2
329638,3
175436,3
756069,1
920516,1
830204,2
21406,2
498185,2
193646,1
729254,2
734622,2
24646,2
556326,2
232372,2
567008,2
479779,2
865098,3
99245,2
304105,3
893973,3
476518,3
571476,3
411306,2
619773,3
434121,2
240875,2
835204,2
686240,3
641397,2
416090,2
488848,1
24010,3
708168,2
697466,2
881614,3
244764,2
300851,3
757075,1
488066,2
537214,3
641214,1
539801,2
475556,3
578460,3
992662,3
592428,2
396583,2
453928,2
97276,2
267259,2
512868,1
745144,1
751556,2
368261,2
657787,2
1033593,2
36027,2
392459,3
52439,2
250095,2
883719,3
58779,3
708810,3
181592,2
100769,2
758639,2
83475,2
946825,2
670832,2
1048016,3
759506,2
220533,2
1025494,3
631380,3
306966,3
763677,2
105875,2
257060,3
135537,2
984957,1
884846,2
891446,2
947795,3
992361,2
761891,1
615003,3
91392,3
355110,3
32876,3
354772,2
769291,2
898812,1
940991,2
715568,2
290702,2
976780,2
658245,2
913741,2
1048085,2
556992,2
775675,3
795387,2
219140,2
809257,2
488473,2
519122,2
805729,3
692547,2
339403,2
327886,2
295596,2
115485,2
783303,2
325157,2
611769,2
867874,2
989384,3
118085,2
130296,2
1025675,2
849848,2
867526,2
638257,2
543086,2
914693,2
208703,2
459478,1
22832,2
817535,2
615145,1
125205,2
779643,2
875357,2
91690,3
646378,2
74942,2
234057,3
346772,2
563343,2
459989,2
911237,3
869982,2
820876,1
821385,2
949445,2
574527,2
987225,2
606616,2
984733,2
977623,2
772438,2
577498,3
644149,2
173558,2
501435,2
167926,2
166572,2
856656,1
423512,2
55864,2
957520,2
489182,2
220901,2
1021242,2
39464,2
343534,3
581730,2
155985,2
682103,3
349328,2
991931,1
908282,3
613416,3
938357,3
691341,1
84781,3
986365,3
319983,2
72656,2
547121,2
605357,3
951656,3
686456,2
587102,2
904267,2
751347,3
282588,3
1050058,2
420003,2
896233,3
346261,1
696371,2
714570,2
256328,2
853716,1
364488,2
500241,3
1037031,2
898082,2
91062,2
798418,2
379250,1
366439,3
619631,2
731195,3
145414,2
692159,2
895969,2
357461,2
834733,2
24090,2
1010653,2
526862,3
256394,2
462161,2
826703,2
9615,2
193336,3
695886,2
1005806,3
655844,3
1050504,3
564280,2
347095,2
743474,1
908316,2
1006060,2
342738,2
465413,2
420671,3
832553,2
56897,2
923657,2
293029,3
309179,2
6391,2
838148,2
480540,2
275200,2
24268,2
411995,2
363124,2
827125,2
880794,2
760622,3
655652,2
29729,3
1023344,2
411028,3
246480,2
208749,2
300744,3
273932,2
395802,3
736513,2
26523,2
965315,1
465547,2
867104,2
98221,1
761997,3
529936,3
399929,2
487580,3
567424,2
246604,2
212844,3
113031,2
355486,3
651702,3
466251,2
766615,2
55875,2
166451,1
765521,2
888464,2
397827,1
411075,1
809477,2
153703,2
643940,2
103020,2
536539,2
262909,2
371420,2
858960,2
818102,2
1035737,3
989748,3
376144,3
433109,2
92749,2
125,2
962478,2
541957,2
898551,2
210629,2
20522,1
984762,1
273788,3
375231,2
707439,1
384321,3
807219,2
346975,2
123968,2
408566,2
598981,3
173976,2
70237,3
475806,2
953079,2
360342,3
208685,2
415736,3
880567,2
340079,3
907389,2
345138,2
255686,2
423299,2
62177,3
851036,2
123744,3
186430,3
44691,2
815192,2
507471,2
554718,3
868834,2
625048,2
333453,2
390973,3
194873,2
692845,2
312202,2
1038215,3
903120,2
831815,2
794730,1
247457,2
832772,1
780372,1
22030,2
514809,3
67208,3
551611,2
125120,2
997658,2
646707,3
92147,2
763077,2
574859,2
906908,2
123846,3
226027,3
416816,2
472581,2
467253,2
562526,2
677375,2
1034474,2
29396,2
716397,3
97305,2
946791,3
647006,2
328170,1
903020,2
157753,2
448139,2
48815,2
567719,2
259498,2
151036,3
573109,2
277595,2
544944,2
938505,2
816894,2
151613,2
61895,2
822674,1
253779,2
169106,1
252763,2
898615,2
687364,2
526362,2
26102,1
647531,2
561665,3
909186,2
258364,2
141814,2
413348,3
820849,2
382821,3
142080,3
528072,2
351882,2
184050,2
565218,1
440322,2
532848,2
990341,2
755006,3
119400,3
190016,2
898802,3
979562,2
720485,2
662519,2
234866,2
452901,1
109017,3
770267,3
64157,1
1040904,2
687230,2
672392,2
729207,2
731318,3
119108,2
363683,2
431219,2
878819,3
733819,2
365624,2
579080,3
422731,2
8934,1
490233,2
457977,3
457548,2
582425,2
572292,2
137756,1
465926,3
150438,2
710647,2
639598,3
472099,3
36562,1
790779,2
905697,3
335805,1
534568,3
668175,3
738679,2
611206,3
529129,1
938976,2
346034,2
1016259,2
1028347,3
1750,3
329494,3
792309,2
558708,2
181602,2
894479,2
1029086,2
529688,1
63743,2
241878,2
198324,2
87006,3
893748,2
634000,2
351968,2
549376,2
634465,2
89041,2
668774,3
694305,2
882190,3
274346,2
147208,2
727600,2
377512,2
397631,3
410688,2
142963,2
622372,1
987048,2
883694,3
420262,3
854171,2
484075,2
3541,2
274514,2
769210,2
63925,2
558604,2
86403,2
661077,3
555488,2
651179,2
143645,2
531165,2
548553,2
542695,3
146964,3
615896,2
31665,2
745030,3
848849,2
86234,2
141817,2
768076,2
537179,2
263030,3
792567,2
977088,2
819030,2
324206,2
478134,3
988228,3
20436,2
46389,2
627025,3
128161,2
108427,2
423311,1
595967,3
734644,2
506660,2
899797,2
913453,2
1008838,2
296050,3
442178,3
714347,2
757471,3
209481,2
625373,3
348830,2
100731,2
273888,3
378417,2
66568,3
701568,2
689420,2
554132,2
913740,2
62292,1
347911,3
558273,2
839619,2
84561,2
800356,1
795172,2
630754,3
375706,2
745717,2
540256,2
186453,2
666552,2
521065,3
574897,2
132966,1
432378,2
41501,2
562989,2
924699,3
260534,2
471122,3
238441,2
219902,2
1049568,2
420636,3
705899,3
168673,1
389418,3
376917,2
377034,2
294037,2
804885,2
26094,2
722296,3
745399,2
709747,3
592374,2
433645,1
334471,2
745570,2
219007,2
25679,2
973375,2
788035,2
741265,2
550046,2
952015,3
49776,2
753283,2
10061,2
1019675,2
574482,2
959264,2
843165,3
232101,2
686572,2
2955,2
735711,1
884462,2
864565,2
750623,3
377370,2
473615,3
99313,3
144537,2
328235,3
782653,1
679548,1
735748,3
97434,2
5618,2
816802,2
729462,1
538315,2
280328,3
440620,1
130856,2
362398,1
997513,2
663273,2
113745,2
187304,2
656683,2
345529,1
568529,1
422437,2
461285,2
938857,1
223096,1
68982,2
367287,2
259292,3
1031581,2
1009493,3
582773,2
406706,2
569378,3
691699,2
851539,2
733517,3
1013891,3
140339,2
847156,2
281954,3
8012,2
527391,2
704375,2
17437,2
739118,2
714181,2
866503,3
492049,2
499557,2
924075,2
344994,2
438250,2
164763,3
541678,2
590867,2
867723,2
762979,2
183909,2
57886,2
861614,2
952457,2
972632,2
463773,3
232793,3
937001,2
581915,3
880680,3
93340,2
32671,2
712149,3
42547,3
459290,2
318188,3
361395,3
607255,2
705607,2
92990,3
1008432,2
603204,2
849636,2
514497,1
655668,2
170522,2
127491,3
344347,1
680420,3
730059,2
333608,2
156859,1
396297,2
729275,2
1024607,2
253301,2
618725,2
762188,2
885721,3
440559,3
9530,2
27045,3
22773,2
892694,2
111,1
942694,3
819529,2
483286,2
831451,2
581354,2
233300,2
577638,2
535469,2
947723,2
463096,2
30651,2
401199,2
873835,3
760470,1
777817,1
787379,3
105710,2
259716,2
1001093,2
210235,3
848459,1
180281,2
266975,3
162341,3
642014,2
54963,2
574380,2
120641,2
325310,3
709256,2
91435,2
413510,2
403300,2
863674,2
665990,1
399004,3
598846,2
543271,2
357103,2
998523,3
910974,3
776704,2
774702,1
1025669,2
341167,3
455475,1
134803,2
534690,2
209836,2
905505,2
717456,1
787090,3
787371,2
1025589,2
246612,2
543159,3
652232,2
861314,2
974856,2
664833,3
659333,2
302475,3
103284,2
508154,3
463789,3
839140,2
359468,2
201558,3
65620,2
146438,2
1034923,3
76490,3
924661,2
745154,3
407159,2
713243,3
300553,2
261593,2
475132,2
3421,2
58113,2
462707,3
498894,1
433310,3
108552,2
166432,2
453282,2
421024,2
606778,2
762297,3
1020584,3
118101,2
747391,3
332160,2
510853,2
267877,2
520279,3
534648,2
770570,2
323229,1
629261,2
248233,2
727975,1
26057,2
958608,2
379881,2
353673,2
432751,2
335383,3
774719,2
409981,3
208510,3
1016435,2
46060,2
723306,3
895000,2
249015,3
998644,2
940430,2
264925,2
529927,2
15965,2
285005,2
665736,3
205351,2
1052682,2
500977,1
418033,3
204904,3
600798,1
366201,2
922747,3
533117,2
29154,2
592355,2
653765,2
864756,2
962534,2
643674,2
584097,3
567657,3
616666,3
627525,2
791588,3
539654,3
804524,3
148938,2
859814,3
853669,2
737494,2
481340,3
544722,2
260927,2
841744,2
962906,2
634041,3
581450,3
35647,3
215148,2
78350,3
348487,2
684908,1
493772,2
669514,2
470248,1
601629,2
934843,2
315870,2
541224,2
134532,2
170861,2
785094,2
411260,2
828628,1
867947,2
381930,2
285954,3
995020,2
600357,2
801993,1
70381,2
609573,2
34185,1
49060,3
1049499,2
879155,2
516540,1
477553,1
277727,1
319686,3
337226,2
224877,2
133392,1
632115,2
673340,2
205412,2
134035,2
827070,2
858293,2
83433,3
544446,3
19218,3
77305,2
179165,2
51484,2
1009189,3
657330,1
482611,2
749208,2
252425,2
258072,1
580780,2
163235,2
997677,2
207350,2
471135,2
968108,3
591398,3
764601,2
395664,2
858497,2
96793,2
344888,2
231165,2
271426,3
881971,2
555298,2
66669,2
830453,2
330869,2
233640,2
101747,2
596129,2
370539,2
848660,2
66732,2
619272,1
615670,2
97458,2
781996,2
827768,2
462720,1
171647,3
534944,1
818250,2
527711,1
1017481,1
909358,3
742531,3
722351,2
70547,2
458134,2
917968,2
740358,2
130011,2
496641,3
743805,3
191922,3
332776,3
201450,3
739556,2
8248,2
708740,2
779132,2
268410,2
776861,2
79714,1
532900,3
167897,2
626635,2
173003,2
566996,2
834255,1
673313,2
688372,2
606313,3
64627,1
608904,3
174043,2
1026817,2
353907,2
915146,3
919341,3
616404,2
241731,2
532266,2
837890,3
61063,2
465394,3
482364,2
425369,3
437177,2
739063,2
601652,2
51839,3
370999,2
623004,2
360871,3
258270,2
695520,3
963174,2
246577,3
451951,2
597615,3
235187,3
811008,2
805791,3
313680,3
272001,2
415450,3
88833,2
151337,2
429567,2
423314,2
781316,2
433803,3
504113,1
526523,3
597473,2
17345,3
235540,1
584031,2
341926,2
371382,2
270468,2
831535,3
63393,3
1012617,2
163730,3
730226,2
1000701,2
310132,2
131990,2
680942,1
532308,2
171722,2
124021,2
675310,1
16697,3
355885,3
340861,2
959500,2
728287,2
564398,2
777917,2
250643,3
879212,2
75959,2
196592,2
845042,3
251868,2
222060,2
805016,3
989587,2
704993,2
321622,2
967033,2
954811,2
1030858,2
343496,3
588995,2
15912,2
226059,2
804732,2
1018795,3
1052515,2
497949,1
600826,2
760506,3
328,2
4425,2
103116,2
847134,2
338305,2
1018049,2
200460,2
78913,2
418606,2
962015,2
587002,2
240750,1
1004131,3
103388,2
705991,2
94558,2
766430,3
973227,2
629158,2
982960,3
112112,2
236989,3
60542,3
766395,2
228994,1
487802,2
10009,3
530017,2
534832,2
212312,2
798931,2
295581,3
591564,2
421167,3
895918,3
959810,2
27621,3
402725,2
147608,2
642157,2
318438,1
632495,2
241381,1
478999,3
110126,2
847781,2
280425,2
924310,3
828387,2
934656,2
423552,1
545003,2
802906,2
127582,2
231928,2
609337,2
114409,1
731449,3
767689,2
561270,2
412985,2
1047292,3
766959,3
270038,2
764043,2
573502,2
568872,2
304616,2
26966,2
97539,2
68323,2
268310,2
282801,3
980057,3
461184,3
331225,3
865456,2
845381,2
151834,2
1040169,2
482177,2
1037860,2
315943,3
253484,2
485388,3
730493,2
579764,3
265606,3
505307,2
525433,2
23207,2
122587,2
962986,3
880403,2
424313,2
720462,3
730974,2
733436,2
231628,2
853398,2
456750,2
498124,2
343453,2
104034,3
188591,2
140894,3
87343,2
124355,2
232601,3
506358,3
121390,2
402629,3
844512,2
424518,2
1015882,2
75701,3
298025,2
225816,2
756326,3
554340,2
923357,2
653222,2
795342,2
312156,2
437567,2
153767,2
422656,2
705874,2
822057,2
228185,2
615415,3
251324,2
851006,1
582748,2
844753,2
443380,2
871537,3
659773,3
836069,2
77477,3
951334,2
141783,2
539977,2
704208,3
253830,2
1012036,3
284609,2
398361,1
531415,2
769248,2
894348,2
183404,2
832853,2
509904,2
895284,2
11614,2
824245,2
17731,2
172224,3
1017952,1
618671,2
412829,2
511708,2
470977,3
901278,3
600656,2
787845,2
577586,2
462643,2
1000109,2
504633,3
230647,2
278853,2
839905,2
165000,2
459548,2
26040,2
285991,3
238309,3
57611,3
862604,2
593467,2
763924,1
401869,2
92367,2
687402,2
19904,2
682556,2
157297,2
729279,3
169864,3
852471,2
958712,2
996978,2
38491,2
805868,1
303810,3
962277,2
266714,2
189467,3
117962,2
904393,2
181533,1
912781,3
314739,2
189783,2
678566,1
816862,3
788318,2
165003,2
1007874,2
452519,2
788452,3
378100,2
241278,2
572520,2
36224,2
188597,3
36565,2
691629,2
205281,2
38583,3
830187,3
253079,2
1014012,2
649484,2
704501,2
902307,2
598956,2
971975,3
23831,2
282792,2
12293,2
877331,3
493759,2
514069,2
9630,2
440450,2
636752,2
825412,3
823706,2
295116,2
242240,2
14832,1
834070,2
829627,2
458281,3
750602,3
302981,3
222022,3
898929,1
740081,2
201867,3
366643,2
517760,2
347789,2
692670,2
578990,2
571023,2
1017099,2
147015,3
126770,2
871320,3
932959,2
665246,2
776573,2
266806,3
760511,2
843046,1
351977,1
940122,3
779053,2
310367,1
889419,2
796396,2
36104,2
566484,2
650223,2
811917,3
284764,2
533341,2
720796,2
964065,2
274831,3
211464,2
486773,1
799205,2
525682,2
971592,2
137186,1
1041562,3
563549,3
135179,3
636349,1
273209,2
226733,3
716935,2
50977,3
742023,2
826926,2
6155,3
592011,3
401276,2
670730,3
653456,2
281656,2
881403,3
499828,2
419198,2
399228,2
836590,2
613634,3
255929,3
482678,2
139966,2
551899,2
686913,2
957592,2
430983,2
410819,1
916173,2
949263,3
646308,2
522959,2
198395,2
299414,2
645145,2
59859,2
724415,2
16237,2
560952,2
989209,3
241675,2
774,3
114311,2
721185,3
557499,2
80457,2
54233,2
855624,2
380793,3
337594,2
324336,3
255972,3
333527,2
62884,2
506868,2
751667,2
806916,2
432721,2
551752,2
57080,2
8455,3
589019,2
264845,1
852012,3
519366,3
27313,2
172888,2
348867,2
469823,2
6806,2
975731,2
826475,2
582641,2
216150,2
194505,3
1043286,2
268879,3
493465,2
517203,1
95634,3
62785,2
594914,2
997561,2
557340,2
425883,2
276156,3
594648,3
256798,2
951146,1
417897,2
1022737,3
281942,2
88160,1
125892,2
579245,2
377188,2
350114,2
62000,1
465005,3
404593,2
583892,3
65854,2
993102,1
1015577,2
125163,3
931936,2
709678,1
315418,3
238405,2
119598,2
351697,2
42365,1
849157,3
928126,3
717396,3
456905,2
581033,3
759809,2
143091,2
431913,1
938526,2
919806,1
382802,1
1036844,2
693957,3
1006252,2
95054,2
310431,3
747436,2
675663,2
410350,1
638104,3
319945,2
680962,2
629013,3
273275,3
611135,2
188445,2
850391,2
548581,2
22086,3
369933,3
62627,3
327714,3
871822,3
659833,2
337568,2
81791,2
578763,3
993610,3
60205,3
817517,2
455916,2
172998,3
438490,2
566932,2
384954,2
128823,3
458133,2
984235,3
857996,2
1456,2
670607,2
258367,2
571611,2
312109,2
339820,3
240382,2
773316,1
145379,2
829890,2
1011752,2
248540,2
389110,2
750795,1
31645,3
451922,2
261911,2
573631,2
949972,1
299639,3
992418,1
580896,2
656346,2
85585,2
510309,2
394800,2
843117,2
844737,3
938646,2
324066,2
308361,3
567962,2
390240,3
370879,2
936869,2
356236,3
882654,3
258128,3
844993,3
1026017,2
509547,2
628534,2
315255,2
226394,2
619040,2
984110,1
1023450,2
344788,1
174270,2
250545,2
1029160,2
559550,3
855100,2
156656,3
809431,3
28642,2
210751,2
269649,2
13291,3
87807,2
678370,3
442463,2
124493,2
463008,2
321272,3
797742,2
864484,2
613295,2
21198,2
968539,2
576253,2
891872,2
1018378,2
904422,1
136204,2
949418,1
932663,1
682698,2
74043,3
759046,1
812990,2
866758,2
290760,2
786079,2
118944,2
319920,1
905212,2
873547,2
756581,2
61954,2
451393,2
390883,2
501306,2
537528,3
145028,2
974076,2
778788,2
309710,3
588348,2
261308,1
748651,2
154232,3
963165,2
589393,3
116560,2
340678,2
493947,2
981213,2
951609,2
47261,2
483496,2
224908,2
199930,2
385984,2
106212,3
642182,3
148835,2
235902,2
490324,3
245510,2
183654,2
1045811,1
249177,2
972804,2
905352,3
947568,2
663440,3
704575,3
461602,2
207990,2
515079,3
45606,2
898099,2
290829,2
449634,2
364236,2
821378,3
482887,2
466868,3
507559,3
383104,2
284583,1
747110,3
294636,2
160811,3
133110,2
346121,3
52477,3
482862,3
1012032,3
865770,2
371428,2
436811,2
941124,3
1035262,2
1011121,2
830411,2
932783,2
68071,2
201841,1
430999,2
258031,2
121861,2
94605,2
1052798,2
876848,3
340000,2
856312,3
977350,2
583661,2
282436,3
445553,2
737040,2
585587,1
896875,3
653811,2
786610,2
958697,2
585803,3
765854,2
437736,2
695147,2
229021,2
318337,2
897776,2
633303,2
667249,2
594146,3
650392,2
561101,1
460595,2
1392,2
768070,3
260503,3
240310,2
906161,2
179403,2
989462,2
838409,2
194353,2
777719,2
952760,3
46778,3
425009,2
247082,3
234072,2
6049,2
457644,2
468250,2
825295,2
1000696,2
842583,2
157648,2
260458,2
208773,2
673518,3
1041109,2
293998,3
556424,2
472466,2
374760,2
402358,3
679958,3
964328,2
468849,2
921256,2
215518,3
996052,3
354559,3
191435,2
1039110,3
791623,3
632617,2
926889,2
659347,2
50528,2
72990,2
724804,2
655265,3
949741,2
250924,2
618007,2
975958,2
90648,2
1025265,2
359885,3
690236,2
590895,2
708669,2
342471,2
886274,2
483213,2
757207,3
564970,2
37281,2
946406,2
259719,2
485676,2
579035,2
767588,2
338153,1
141259,3
403834,2
243879,1
665564,2
232145,2
648969,3
340570,2
770761,3
346638,2
412710,2
895587,3
976589,2
874574,1
554896,1
182692,3
1049465,2
800628,2
466510,2
764805,1
549106,1
892031,2
384186,3
851440,2
587299,2
86310,2
994471,2
80574,2
24009,3
562144,1
566703,3
511628,2
32759,3
1034668,2
395016,2
527778,2
464584,2
843245,1
940625,3
583485,3
370748,3
156677,2
757049,3
255844,2
713860,2
940586,3
494190,3
224043,2
398632,1
899278,1
306954,2
677101,3
701511,2
839350,2
239062,2
763010,3
721650,3
688813,2
607977,3
37055,1
502432,3
701069,2
659512,2
1050931,2
270857,3
444654,2
578993,3
812253,3
730424,1
56650,2
565650,3
579538,2
1037732,2
1029512,3
322901,2
123808,2
359076,3
980103,3
908702,2
871099,2
949531,2
11664,2
774892,1
544460,3
1049937,2
785130,2
913588,2
344235,2
808020,2
728868,2
597810,2
803539,3
1011229,3
6939,2
639032,3
634487,1
493300,3
690890,2
373452,2
781821,2
461982,2
795883,2
11095,2
1025683,1
1048871,2
528247,2
440437,2
785379,3
513897,3
391581,3
109185,2
835293,2
546556,3
859295,3
862871,2
545732,2
618094,3
678228,3
800580,2
946273,3
756684,2
845895,2
698938,2
850250,3
445733,3
438788,2
274959,2
1043680,2
436640,2
651139,2
529074,3
835480,2
184243,2
821407,2
759210,2
120638,3
123453,2
108594,1
4951,2
685559,1
272827,3
456479,2
156710,2
579262,3
594405,2
392228,3
89009,2
566622,2
926773,3
516268,2
353855,2
120639,1
57804,2
987315,2
23311,3
99280,2
579256,2
799487,3
477675,1
808720,2
267189,2
174428,2
142482,2
928206,2
98319,2
66474,2
422695,2
1006245,2
804679,2
63401,2
1039319,2
44472,2
473066,2
282218,2
678498,2
734170,1
336411,3
955588,2
21364,2
819127,1
791527,2
185439,3
724903,3
346927,2
299894,3
734774,2
557540,3
662243,2
484623,2
192956,2
822190,2
73626,2
226840,2
714909,3
797056,2
877826,3
271066,2
684978,2
611743,2
733872,2
996385,1
176194,2
72442,2
858450,2
700338,2
882885,2
922583,2
710708,1
675205,2
436479,2
799525,2
438436,2
69681,3
292977,2
172484,2
109058,2
998589,2
106979,2
890031,2
318129,2
1041704,3
1047338,2
128706,1
23966,2
768730,2
694820,2
809673,1
559253,3
244958,2
62210,2
570097,2
960551,2
743785,3
318754,3
166687,2
245727,1
111276,3
1012435,2
535070,2
514366,2
145100,3
904540,3
359065,3
99183,3
726520,2
834942,2
126126,2
804153,2
771778,2
377806,3
701893,2
120175,1
620573,2
615600,3
970652,1
45801,2
186178,2
821062,2
624161,3
993416,2
972543,3
987032,2
28693,2
763422,3
568270,3
242212,3
221706,2
410538,1
203272,3
828472,2
133950,3
189858,2
82588,2
79339,2
621765,2
116256,3
457851,3
780413,2
138205,1
68155,2
281213,2
890233,2
1039948,2
399168,2
1036290,2
545459,3
1018116,1
7129,2
759782,2
49864,2
959434,1
939714,1
709788,2
197841,2
212975,3
937781,3
500791,1
227988,3
516253,2
379880,3
750659,2
274548,3
302414,2
499165,2
691191,2
930836,3
881633,2
1049965,2
975916,1
199775,2
147760,2
871005,2
398865,3
602235,2
872979,2
805543,3
173223,2
639231,2
31596,2
545773,2
968859,2
475460,3
496143,2
842817,2
546649,2
207087,3
106515,2
554878,2
20725,2
969399,2
452825,2
412859,3
891285,2
1002134,2
841375,1
455732,2
874047,2
520552,3
372478,2
102779,2
379548,3
307968,3
968068,2
658440,2
601335,3
202458,3
480216,2
72199,2
962787,2
709963,2
990075,2
831015,2
766130,2
894891,2
514873,3
542365,2
926185,2
153991,3
583719,3
579121,2
835016,2
196102,2
573427,3
936730,2
953688,3
794880,3
151746,2
268404,3
251886,2
676940,2
268914,2
176041,2
357117,3
54651,3
505073,3
1041115,2
820604,2
483972,2
674003,3
625624,2
989632,2
457968,2
550316,2
229207,2
1009587,2
391109,2
120723,2
286523,2
247112,2
673531,2
178587,2
475996,2
827283,2
50530,2
383491,3
988330,2
380944,3
819831,3
721265,2
808310,2
476469,3
870078,2
30451,2
1040395,3
769296,2
64278,1
849172,2
1022410,2
1029261,1
833621,2
250277,2
180720,3
300109,2
162879,2
802841,3
365600,2
991978,3
665884,2
907541,2
618754,3
264324,2
310069,2
297055,3
827661,2
350985,2
607859,2
201281,3
453751,3
977761,3
565686,2
127902,3
407589,2
717854,2
314986,3
137521,2
704818,2
1560,3
74833,3
383341,2
44536,1
372673,3
253625,2
912189,2
298717,3
226096,2
780630,3
485001,2
945150,2
467945,3
883768,2
659723,2
1018139,2
32769,2
886850,2
1022285,3
419123,2
515639,3
386578,3
359879,3
338719,2
699245,3
707352,2
800508,2
681451,2
266732,2
330836,2
624213,3
14474,2
429426,3
524903,2
830796,2
812060,2
938325,3
510702,2
105326,2
1033314,3
437683,2
441544,1
858684,2
725160,2
734016,1
387926,3
305326,2
674449,2
260613,2
775906,2
837962,3
594227,3
572998,2
613057,1
818753,3
887190,3
93279,3
72490,3
292782,2
712793,3
735659,3
638160,2
647046,2
801096,2
229765,2
245147,2
978310,3
999226,1
285704,2
372741,3
224234,2
828244,1
647665,2
132259,2
99220,2
132677,2
332130,3
192464,3
468165,2
778217,2
784073,2
190375,3
396784,2
338521,1
449681,3
352450,3
339301,3
1017834,3
568941,3
44396,2
162501,2
416144,3
663962,3
853128,2
107275,2
605834,2
664490,2
256116,2
184715,2
619498,2
328796,2
669731,2
69097,3
160083,3
251081,3
186588,3
271484,2
285551,2
929973,2
862823,2
381039,2
46866,3
597203,3
941235,2
606047,2
424087,2
968708,3
281541,3
1034942,1
478249,2
780884,3
1026626,3
985200,2
842274,3
837628,3
894523,3
999374,2
21033,2
1009040,2
562315,2
844215,2
81894,3
814553,2
469773,2
661,2
395056,2
517044,2
273973,3
244478,2
670812,2
677509,2
391129,2
962407,2
127251,2
289596,2
6988,3
79888,2
764261,3
940805,2
1004552,3
766043,2
550701,3
276475,2
275803,2
560348,3
242928,2
682659,3
828475,1
411796,2
961272,3
618134,3
51760,2
522796,2
442326,2
690029,2
328609,2
347593,1
122533,2
446774,3
593639,3
106610,1
879231,2
798087,2
7675,2
850174,1
883661,2
443818,1
1047531,2
549364,2
224769,2
209622,1
455960,3
1003213,3
107878,3
566013,3
104459,2
212556,2
130491,2
1040072,2
270855,2
734718,2
456727,2
338371,3
444442,3
813878,2
918894,2
99572,2
451578,1
444381,2
160863,2
1694,1
940469,2
633430,2
211367,2
1041104,3
425959,1
774906,2
870691,2
454240,2
465435,2
868559,2
408405,2
157668,2
280173,2
951404,2
822629,2
345928,2
202712,2
512898,2
791983,2
159330,2
981036,3
61713,3
656384,2
823102,2
613882,2
506631,2
201465,3
86474,2
469354,3
663749,3
165162,2
676,3
76899,3
1014711,2
626153,2
702634,3
79506,2
113241,3
1030037,2
896432,2
802912,2
45046,3
26917,2
789919,2
493869,2
159274,3
101618,3
502257,2
886744,2
703930,2
586680,2
290269,2
88282,3
196402,2
174265,2
132322,3
498431,2
832082,2
986144,2
1045896,2
769790,2
157809,2
961571,2
113505,2
701478,3
653900,2
531334,2
919211,3
617508,2
482575,2
158998,3
321088,2
746120,3
498105,2
308366,2
636261,2
86078,3
573217,3
236711,2
366649,2
944469,2
759658,3
829993,1
163047,2
633606,2
66393,2
18176,3
947154,3
822486,2
208035,3
703106,1
11899,2
75374,2
255028,2
89627,3
296708,2
278251,2
213220,3
636480,3
774576,2
426491,3
646456,3
565445,3
559157,2
804172,2
97423,2
76545,3
344618,3
974387,2
510601,2
12184,2
361858,3
866658,2
978942,2
241201,1
277762,3
332264,3
704098,2
380963,2
799510,3
716738,2
648144,2
940000,2
773120,2
354068,1
929623,3
993616,2
144482,2
559584,3
1307,3
901409,2
815168,3
21760,3
883014,2
989487,2
745421,1
1037483,2
297002,3
37237,3
1033759,3
357165,3
237246,3
600158,2
474595,2
51688,2
375670,2
472570,3
8745,2
548015,2
918287,2
922361,2
683977,3
891819,3
381086,3
962049,2
21515,1
169008,3
403243,3
167732,2
920107,3
81557,2
149250,3
899246,3
648439,2
1000089,2
1006492,2
800916,2
736391,2
601389,3
58733,2
64057,1
272753,3
587636,3
12130,1
551865,2
348018,3
153250,2
440176,2
789934,2
454055,2
204170,3
360304,2
747104,3
316070,2
555704,2
606634,3
16540,2
701391,2
939685,2
725045,3
540450,2
700860,2
628592,2
539330,2
67335,3
784239,2
642884,2
642651,2
555998,3
687459,3
914604,2
761397,2
941837,1
207341,2
298995,2
533325,2
551842,3
637717,2
199669,2
615200,2
853432,2
125223,2
271575,2
421884,2
706361,2
19806,2
398045,2
1013717,2
698458,1
72103,3
870533,3
701797,2
1016376,2
775809,2
575219,2
70443,2
965322,2
581183,2
356915,2
397919,2
425813,2
110367,3
622093,2
588152,3
488477,3
440010,2
906904,2
860432,2
314558,3
806738,3
929427,1
382630,1
69136,2
771065,2
281917,2
139910,2
328923,3
987480,3
23094,1
8811,2
31294,2
837553,3
648138,3
811831,3
88921,2
960771,3
902467,3
386488,2
363333,2
353268,2
985797,2
581867,1
225237,3
914495,2
554217,3
430981,2
508781,3
859826,2
551282,2
212663,3
210534,3
430765,2
248242,2
111704,3
995974,3
689516,3
225707,2
273019,2
155320,2
505432,2
537482,3
782714,3
367839,3
349125,2
341856,2
180005,2
59419,2
1042429,2
525417,1
516884,3
984951,2
594533,2
206084,3
152842,2
490262,2
43468,3
425603,2
11224,3
861393,2
1506,2
372073,3
103667,2
506444,3
998007,2
375929,3
1049922,2
902961,3
155188,2
473596,1
219125,3
525018,2
435336,2
748959,2
244926,2
1044305,2
702851,2
67298,1
292718,2
294282,2
465293,3
819463,2
506841,3
769200,3
540842,3
570162,2
37006,3
828886,2
840012,2
14228,3
454234,1
1038706,2
340156,2
212765,2
184915,2
312418,2
968035,2
763539,2
973502,2
267798,2
397820,2
967473,3
97571,2
26501,2
271842,2
698876,2
1008450,2
134305,2
943710,3
542034,2
109944,3
750797,2
17354,2
713107,3
10005,3
1787,2
932411,2
1032394,2
757587,1
590222,3
203535,2
410802,2
676578,3
659290,2
157139,3
196656,2
416083,2
93793,1
530355,2
541832,3
384948,2
715499,3
174183,3
1000099,3
459289,2
330881,2
693886,2
339760,2
160314,2
95164,1
817363,3
274405,2
552358,3
345882,2
769902,2
396567,2
92704,2
97592,2
29130,2
186293,2
333389,3
372670,1
637308,2
77083,2
957401,2
881032,2
508466,2
313989,2
539596,2
249983,1
140800,2
163604,2
785021,2
117477,2
837464,3
80063,2
792818,3
1001437,2
138031,2
862272,3
996409,2
707731,3
550103,1
542965,2
157357,2
828731,2
627363,2
313177,2
983999,2
225868,2
423090,2
168553,2
250131,3
247013,2
903751,2
498915,1
349583,2
210721,1
101999,2
593263,2
608265,3
47763,2
410681,2
231984,1
292263,3
544311,2
720971,2
114794,2
192303,3
153138,2
859535,2
569368,2
231981,2
280828,1
19799,2
164844,1
940603,2
349879,3
927652,3
611483,2
818929,2
344940,3
860433,2
464157,3
974523,2
592569,1
873373,2
925715,1
135290,2
421440,2
558639,3
262981,3
808589,3
949176,3
1052727,2
134982,2
683978,2
993425,3
738676,2
984785,3
484572,3
942359,2
922272,3
152106,2
648807,2
236756,1
346643,2
679392,3
643191,2
542123,3
538817,3
297745,2
1014282,3
378810,2
160545,2
374667,3
799503,3
40621,2
35008,3
1048771,3
691289,2
919241,2
985789,2
265906,2
235530,3
685398,2
306475,2
430474,2
128291,1
140469,3
750937,2
613568,2
301980,2
322725,2
659892,2
997979,3
747630,2
866849,2
926490,2
629866,3
428198,3
594724,2
10314,2
123535,3
210172,1
856615,3
771535,3
617616,3
954215,2
392954,2
107475,3
452745,2
688331,2
452023,2
434272,2
109828,2
6856,2
15683,2
887848,2
505876,3
791886,2
937601,1
530779,3
788651,2
113637,3
585952,1
164972,3
336943,2
658021,2
843284,2
994382,2
550339,2
437436,1
732531,3
296261,2
397830,2
878021,3
355681,2
714938,2
509045,2
920605,2
972152,2
801552,2
777345,2
840378,2
542568,2
549893,2
45525,2
785778,3
906604,2
383465,2
990744,1
1032706,2
264675,2
961135,2
567556,3
248992,3
484583,2
271202,3
520958,2
899974,3
443430,3
411290,2
708918,2
742723,2
896564,3
433079,3
485673,3
291431,3
850244,2
915391,2
119113,2
810792,2
148773,2
803182,2
1037118,3
633905,3
789718,3
1004822,2
1012610,2
998788,2
192869,3
609978,2
436243,2
89730,3
35540,2
907175,2
314010,2
962240,2
858531,2
143880,1
16368,2
924239,3
161278,2
251928,1
880346,2
45747,3
17821,3
945512,2
902055,2
1030306,2
702095,3
791423,3
537948,2
277552,3
921755,2
485026,2
925048,2
314879,3
162982,3
637433,2
656210,3
845010,2
905452,2
856712,2
758442,2
755280,3
917069,2
1029140,3
40414,2
836702,3
515095,3
892982,2
479814,2
316916,2
864607,2
547116,3
699683,2
527029,2
660944,3
660839,2
1031233,3
978730,2
662236,2
353563,2
376363,2
1046184,2
868512,3
610455,2
252556,2
581920,2
511608,2
349526,3
593855,1
970012,3
987949,3
665108,2
61180,3
706345,2
979464,2
62910,2
658756,3
634401,2
286041,2
492492,2
207895,2
728211,2
1049140,2
909378,3
686928,2
619046,2
672664,3
466997,2
315205,2
718477,3
207059,2
629213,2
319328,2
667185,1
714576,3
199636,2
345299,2
626036,2
861427,3
958274,2
573755,1
438613,2
68288,3
919660,2
56529,3
282894,1
367051,2
345697,2
525517,2
770208,2
771374,2
365840,2
533468,3
330512,3
666019,2
461366,3
899738,3
206877,2
807774,1
941818,2
1024771,2
675475,2
193569,2
841615,1
808430,2
906655,3
312158,1
532619,2
557083,1
904724,2
707685,3
682794,2
513221,1
726984,2
165876,2
70442,2
220780,2
223511,2
31744,2
966529,1
719675,2
411494,2
922145,2
443634,2
475221,3
501410,1
144401,2
1019693,2
814817,2
732267,2
883620,2
822938,2
402867,2
1040445,2
1012206,3
777975,3
874488,1
778138,1
663048,3
397856,2
202103,2
557664,2
610506,2
118189,2
23913,1
256481,2
676652,2
162137,3
406416,3
582882,3
553677,2
846902,3
865799,3
663861,3
858833,3
822329,2
461444,2
120665,2
142086,2
924768,1
420984,3
593594,2
334999,3
210479,2
345564,2
128371,3
868084,2
417761,2
655590,2
1040507,2
38729,2
651705,2
369843,3
704857,2
241527,3
498845,3
290235,2
299993,2
806365,2
902803,1
796889,2
786887,1
849730,2
99746,2
254271,2
555304,2
625011,1
789500,3
424683,2
29893,2
964099,3
971597,3
373083,2
495198,2
494070,3
682355,2
53135,2
307791,3
477445,2
928890,3
659041,2
295507,2
829616,2
261553,2
321615,2
144503,2
331882,2
104844,3
401561,2
488415,3
302369,2
479344,2
883003,3
571911,3
1008122,2
98531,2
826082,3
818300,2
283367,3
595159,3
387815,2
821741,3
827414,2
54837,2
886866,2
386946,2
186649,3
294885,2
276936,2
425289,1
1035113,2
1008736,2
808965,3
885122,2
818021,3
147270,2
639852,3
340426,1
34734,2
469493,2
614940,2
38426,2
211722,2
391079,2
150236,3
1032181,2
812960,3
481780,3
649350,2
882815,3
194691,2
161753,3
113650,2
775212,2
828104,2
873095,2
241398,1
770457,2
736483,2
529582,1
668025,2
981014,2
486430,3
308873,2
596550,3
910265,3
163051,2
102104,2
349889,2
430818,2
354277,3
1000460,2
322684,2
646186,3
567531,3
691111,2
573257,2
170260,2
319645,1
167378,3
756198,2
578364,3
863266,2
349027,2
37797,2
416596,3
932451,2
798522,2
255744,2
846952,2
268518,3
178844,2
875037,2
828792,3
318285,2
770135,1
374344,3
471841,2
471606,2
911094,3
21519,2
879875,2
502826,2
638311,1
346479,2
883966,2
885430,2
108792,2
686210,1
280958,2
726776,3
415502,2
958180,3
704848,2
640753,2
633866,2
51322,2
796866,3
557331,3
22913,2
884209,2
445582,2
9119,2
783571,2
705025,2
552342,2
483095,2
889502,2
255300,3
891421,2
757475,1
560039,2
802184,2
489895,2
836563,3
481016,2
1020491,1
1052899,3
302599,2
998936,2
707120,2
93654,2
494351,2
1015776,2
646691,2
762737,2
554547,2
118097,3
474503,2
767624,3
555699,3
541151,2
269456,3
124879,2
592719,2
800227,2
610474,2
101819,2
945979,3
1041605,2
572363,2
666954,2
682799,3
409484,2
593486,2
684437,3
57276,2
115785,3
660903,1
770818,3
242961,1
983816,1
1027669,1
458234,1
381176,3
169851,2
224141,2
267568,2
817108,3
776281,2
635650,2
300824,2
720891,2
1046186,2
212240,2
562748,3
891322,2
442990,3
587633,2
972041,2
895044,3
925776,2
486337,2
837170,3
745950,3
857035,2
372055,2
252430,2
96605,2
85953,3
465350,2
651736,2
793088,2
1040077,2
388986,2
342067,1
711791,1
889143,2
442965,3
61924,2
208564,2
702924,2
886583,2
998603,2
29939,3
977189,1
726302,3
593519,2
284428,2
430917,3
35086,2
155269,2
828599,2
813118,1
394578,2
762755,2
478099,2
964316,3
249041,2
319996,2
294639,2
1003025,2
501956,2
866965,2
565841,3
376664,2
853761,2
45068,3
851557,1
734953,2
1002131,2
406073,3
849084,3
511871,2
172947,2
548002,2
553189,2
905698,2
644872,2
610716,2
827239,2
376554,1
771000,2
247431,1
927444,2
957630,2
10929,2
583054,2
41476,2
394393,3
382546,2
955755,3
129596,3
190607,2
143242,2
339647,2
73428,2
867749,2
716682,2
841710,2
732193,1
769152,1
874820,2
457990,2
241749,3
338936,2
460751,3
153251,2
316637,2
626745,3
776661,2
738277,2
446906,1
442214,2
389623,2
25303,3
351341,3
99503,3
102466,2
283149,1
816147,1
9719,3
902911,2
607355,1
78769,2
313952,3
252523,2
828120,3
286599,3
814714,2
149059,2
280583,2
401765,2
590375,2
979954,2
250982,2
935793,2
165914,2
829723,2
8189,2
666356,2
494994,2
29755,3
772302,3
563836,1
915931,2
35007,2
520456,1
707725,2
325375,1
86770,2
658040,3
664165,2
145676,3
1050867,3
423325,2
897854,1
974192,3
760739,2
452605,3
650744,3
179506,2
275979,2
522257,2
1016503,2
283910,2
246138,3
842163,2
955998,2
58905,2
1020813,2
1022556,3
1029171,2
91117,2
973677,2
779440,2
1010531,2
925795,1
98564,2
467094,2
542920,2
523289,2
115346,3
458100,2
292063,2
76445,3
332820,2
996541,2
929833,2
19913,2
890288,1
352610,3
652632,3
1029709,2
328063,2
135794,2
853966,2
513186,3
31805,2
778917,2
949592,2
776145,2
54180,2
476147,2
290331,2
945223,3
690971,2
232421,3
692444,2
687401,2
477925,2
310234,3
342914,2
199099,2
545763,2
77828,2
107194,2
587464,2
689437,2
392474,3
767702,3
908593,3
190063,3
236474,2
900576,3
457408,2
650331,3
693709,2
771785,3
734551,2
769817,3
533279,3
723686,2
599691,3
793383,2
128091,2
693352,1
934156,2
584805,3
869810,2
57428,2
564445,2
324741,3
883316,2
123768,2
626466,2
616200,2
307218,2
926300,2
511369,1
995921,1
565968,2
440033,2
151428,2
963431,2
354520,1
60279,2
1015777,2
60117,2
794022,2
995155,3
649790,2
439467,3
677430,2
921221,2
700610,2
891402,2
442105,2
696374,3
221758,2
519409,1
212451,1
488578,2
544601,2
262332,2
839514,2
798229,2
142866,2
56583,2
886019,2
201751,3
403128,3
611944,1
205636,2
696370,2
163923,2
958932,2
862928,3
837934,2
748976,1
791530,2
354466,3
1030417,2
191827,2
707358,3
731716,2
758016,2
99283,2
99898,3
616221,2
286079,2
515675,3
16197,1
393925,2
991419,2
182149,2
134783,2
416701,2
294694,2
308638,2
174180,2
734505,3
902260,2
1969,3
1027338,3
599593,3
911863,2
33679,2
917469,2
899668,2
237185,2
315670,1
674796,2
256832,2
843500,1
553519,2
479545,2
374245,2
105941,3
785508,1
435167,2
832571,3
824283,3
13328,2
618804,2
127986,2
628830,3
594812,3
607364,2
1039587,2
541953,2
623421,2
746558,3
108847,2
176137,2
953345,2
675649,3
226420,3
69477,2
833639,2
882423,3
999223,2
125508,3
72744,2
508270,2
779634,1
335806,3
931845,2
232061,2
400407,3
349358,3
767314,1
627986,2
999445,2
391633,2
178990,3
513190,3
785407,2
958883,3
781346,2
50365,1
622183,2
378447,2
567382,3
305122,2
626024,3
469835,2
400546,2
690765,2
258823,3
867448,2
448765,2
1032592,3
375270,2
384923,2
232758,1
983720,3
730892,2
963862,2
731254,2
1047473,2
1030862,2
897586,2
845153,2
904028,2
924207,2
790577,2
361316,2
469441,2
14169,3
219096,3
79341,2
744585,3
625762,3
693410,3
347215,3
89028,3
896370,2
20815,2
119466,2
239989,2
941664,3
1050547,2
611018,2
426986,2
611096,3
960701,3
111588,3
115794,2
773311,2
934683,2
645751,2
126129,3
717124,3
432731,1
193537,2
154673,3
553839,3
589668,2
104955,2
741316,2
353868,2
823443,3
186386,3
230552,2
532306,2
110829,3
366180,3
802287,2
930143,3
788471,2
712347,2
192415,2
976940,2
362433,3
557105,3
370580,2
141529,2
62041,3
416001,3
332013,3
677852,1
391357,3
832110,2
636207,2
194641,3
296634,2
132534,2
289594,2
564605,3
646965,3
723120,2
307436,2
108577,3
747441,2
343271,2
1032179,3
909300,3
713370,2
382895,3
222327,2
706441,2
380760,2
962900,2
344769,2
653577,1
882121,2
715536,2
322564,2
199980,2
13788,3
186803,3
89679,3
10534,2
141831,3
770714,1
968945,3
749917,2
84911,2
373581,2
262372,2
724448,2
113512,1
50147,2
883578,2
258641,3
288477,2
314677,3
266825,2
1038479,2
426531,2
284237,1
888824,2
204366,2
673520,3
926322,2
634950,1
201463,1
89969,2
933060,2
886691,2
1010181,2
813506,3
57874,2
433852,2
22556,3
244779,3
679127,2
73973,3
581615,2
30993,2
1044165,3
780030,2
52958,2
238997,2
245498,2
791688,2
976817,2
860802,2
630686,2
910089,2
726551,2
230513,3
888405,2
243517,2
1031746,2
644128,2
71762,2
548670,2
598630,2
421965,2
161002,3
781030,3
331785,2
137779,3
76721,2
504467,2
765467,3
111351,2
313992,2
55074,3
229946,2
648219,3
436823,2
986806,2
438031,2
252622,3
127543,2
919726,2
832980,2
922384,1
786462,2
237105,2
586920,3
886862,2
797667,2
6254,2
293408,3
500601,2
384682,2
594615,2
688643,2
633862,2
350697,3
155009,3
942479,3
914986,2
249013,2
368206,3
210755,2
577483,2
146090,2
567716,2
855212,2
830002,2
799072,3
637166,2
857008,2
249252,2
788749,2
860859,2
92822,2
868920,2
1004395,3
494719,2
741457,2
889178,2
183648,3
875144,2
901194,3
445178,2
185457,3
722845,3
880832,3
210578,3
817766,3
236083,2
915672,2
584316,3
447288,2
836078,3
202643,3
394766,3
733337,2
571631,2
282234,3
422725,2
857005,2
68120,3
156713,2
999297,2
680192,2
254500,3
850792,3
630622,1
932695,2
858636,2
688853,2
36014,3
933076,2
711425,2
887998,2
747370,3
372369,1
985415,2
20677,2
332147,2
1021486,2
1002064,2
884508,3
975603,2
1043182,2
228001,2
895418,3
564044,2
686870,3
956358,3
515386,3
198101,2
580317,3
261244,2
1034591,3
350722,3
1019712,2
2639,2
1009185,2
45708,3
448895,3
90797,3
491685,2
269852,3
311128,2
317022,2
333918,3
863550,2
963774,2
638564,2
623746,2
402244,1
5828,3
89472,2
282943,3
35408,2
533894,3
795591,2
84367,2
846928,2
82194,2
383593,3
930504,2
521455,2
203218,2
359372,3
226634,2
480365,2
830079,3
379992,3
835796,2
992958,3
42025,2
799006,2
257882,3
833515,3
537103,1
647507,3
565060,2
867303,3
22879,2
79723,2
771014,2
927957,3
183564,3
729191,2
916610,2
280715,1
610075,3
980084,2
184176,3
839338,2
197829,2
268572,2
801230,3
827960,2
292605,3
143086,3
21873,2
162801,2
987804,2
423103,3
643867,3
556696,2
420020,2
151172,3
867484,3
692204,3
246176,2
147480,1
950554,1
93440,1
81592,2
342913,3
474770,3
820105,2
171951,2
996865,2
656211,3
887533,3
185359,2
315341,2
287867,2
18828,3
666034,2
1035568,2
923146,2
181669,3
626341,2
207446,3
1038603,2
31940,1
529804,2
303556,2
192262,2
242453,2
83611,2
583374,2
273564,2
98478,2
884264,2
407649,3
179316,1
144549,2
1036335,2
490589,2
503084,3
488520,2
408463,2
121603,2
649506,2
264677,3
809342,2
1010476,3
496181,2
964239,3
599008,2
80442,3
940557,2
406705,3
408425,2
135626,2
649848,2
201401,3
1038927,2
4936,2
563229,2
674092,2
811126,2
574335,2
684793,3
478319,1
186919,2
759120,2
355425,3
37902,2
929094,2
257605,3
924765,3
638185,2
864119,2
699524,3
641685,2
178416,1
478392,3
823282,2
565099,2
30577,2
113215,2
200524,3
227680,2
1046264,2
735962,1
370840,2
63534,2
284343,2
814035,1
41063,3
580989,3
215003,1
480277,2
755587,2
140296,3
86611,2
134611,2
354308,2
1032938,2
147581,3
247243,2
806510,2
450869,2
243957,2
244969,2
494873,3
774387,3
411559,2
961834,2
866954,2
820865,3
208924,2
78669,2
29166,2
601921,1
486154,2
124293,1
900480,2
220800,3
237866,2
721739,2
166511,2
909696,2
1007519,2
1010271,2
220003,3
335722,2
736574,1
363765,2
945598,2
235564,2
693265,3
212103,3
672460,2
930996,2
358281,3
251035,2
526356,2
963667,2
640648,2
352352,2
654952,2
873405,3
27038,2
431856,2
818044,3
765989,2
595731,2
130326,2
793078,2
394016,2
594180,3
779124,2
716051,2
731535,3
500782,2
226984,1
639958,3
966045,3
743194,3
977262,2
530208,2
14926,2
618462,3
179746,2
636767,3
441561,2
713428,3
408996,3
600157,3
201484,3
375115,3
754806,2
942427,3
871936,2
78528,2
293115,2
893868,1
819804,2
861962,3
286474,2
852661,2
550579,3
8403,1
987710,2
157436,3
293718,3
484754,2
942094,2
599483,2
263477,2
196747,3
242193,2
363583,2
594774,2
665485,2
172043,2
911977,2
455163,3
395323,2
484210,3
675250,3
664728,3
755527,2
778479,2
151795,2
828955,2
930039,2
373529,2
120589,2
1020403,1
737228,2
753586,3
775018,2
514422,2
78764,3
24210,3
520444,2
927325,2
901930,2
344157,3
959996,2
454601,2
202633,3
221005,3
297713,1
540527,3
698738,2
353869,2
648864,3
139717,2
48991,1
1045341,3
913077,2
974870,1
325941,3
565474,3
639826,2
989920,3
428234,2
727307,2
970666,2
314977,2
531140,2
417102,3
260008,2
134923,2
269167,2
6831,2
18110,1
420612,1
875928,3
288526,2
387758,2
290396,2
125518,3
280705,2
1013793,3
36542,2
683461,2
416944,2
220466,2
964062,1
84364,2
959980,2
814863,2
391471,3
413789,2
470605,2
259920,3
635216,2
160924,3
667850,2
947903,3
390889,3
646629,2
53836,2
632394,3
605068,2
699956,1
882569,2
437053,2
870268,2
512519,2
468839,3
100048,2
905409,2
219873,3
486896,3
340034,2
394853,2
265257,2
554301,3
742573,2
530507,2
661187,3
590072,2
583541,2
742015,3
263806,2
875780,2
340183,2
952437,3
987864,3
88761,3
832753,3
645764,2
453187,2
794774,2
339582,1
309175,2
667556,2
942768,2
322005,2
843996,2
686945,2
78406,3
913252,2
110149,2
459819,2
928482,3
1030023,2
706614,2
664252,2
115114,1
929346,2
461141,2
538777,3
87441,2
783870,2
25526,3
302498,2
1037131,2
1050151,3
403742,2
2831,3
760044,2
209184,3
127466,3
352551,2
199585,2
289920,3
134625,2
949149,3
978216,2
988086,2
987186,2
776144,2
1018032,3
589705,2
27220,3
368769,2
147297,2
780302,2
1049998,2
231463,3
1010378,2
669616,1
848582,2
502572,3
263611,2
525884,2
337275,2
323865,1
7835,3
1047564,2
1044456,2
1015566,3
887843,2
105944,1
101522,2
398435,3
856519,2
960086,2
523911,2
557715,3
38228,2
85183,2
794588,2
788939,2
794943,2
372232,2
715062,3
105466,2
544685,3
796344,2
808891,2
834575,2
123005,3
972069,2
1018134,1
875093,2
265265,3
885139,3
563529,2
155984,3
919340,2
450502,2
336376,2
28481,2
578029,2
356956,2
348357,2
283986,3
747861,3
161330,2
228401,2
745279,2
461517,3
71675,2
77102,2
241177,2
709469,2
365505,3
272869,2
967068,3
318163,2
218621,2
122900,3
214316,2
916717,2
395105,2
501690,2
116478,2
291272,2
82843,2
362137,1
578724,1
266061,2
656837,3
426489,2
706591,3
893610,2
528720,3
252749,2
604673,3
726264,3
445138,2
466333,3
1025258,2
493049,2
502709,2
378784,2
722203,2
995109,2
409317,2
891787,2
830078,2
1050221,2
120842,2
741536,2
1003098,1
78485,3
784224,3
674666,2
378080,2
280002,1
483919,2
721205,3
835329,3
768635,2
19296,2
725718,3
631111,2
392017,2
436647,2
197298,1
334086,2
785978,3
83056,3
354578,2
40191,1
469137,2
1782,3
628100,2
318781,3
850188,2
451797,2
181787,1
966723,1
494949,3
51086,2
747982,2
661462,2
444213,2
937375,2
614950,2
1017174,2
541658,3
657054,3
120941,2
5917,2
533258,2
8458,2
397679,2
188088,3
648963,2
50283,3
842958,2
92567,2
934436,2
628714,2
447186,3
100655,2
108132,2
956194,2
632496,2
146441,2
335052,2
449082,3
529197,2
198357,2
731141,2
758170,3
353206,2
474630,2
368179,2
872539,2
530569,3
166231,2
999767,3
227186,3
664876,2
810320,2
778787,2
527180,2
248885,2
663662,2
266382,2
26170,3
828941,2
107023,3
626927,2
632513,3
890675,2
589326,2
416200,2
411782,2
448110,2
466351,2
189566,2
229750,3
741229,2
709395,3
951771,2
43851,2
738610,3
843302,2
260714,2
952136,2
241794,2
574329,3
29118,3
948642,2
958641,3
341085,2
528941,3
473491,2
84653,3
561440,2
129288,3
996998,3
589691,2
1026994,2
405105,2
686525,2
227304,2
684938,2
607571,2
312000,3
943746,1
265473,2
1044283,3
375688,3
776057,3
941607,1
687609,3
375313,1
1050276,2
220419,2
85917,2
978159,1
78388,2
626777,2
459095,2
98995,2
725790,2
946525,3
961798,2
137235,1
319932,2
984844,3
121758,2
202269,2
673685,3
555674,3
690121,2
714095,2
488296,3
365601,2
504218,2
394600,2
401935,2
698430,2
606943,3
988352,1
886190,2
276014,2
930347,1
650119,2
81188,3
485415,3
579131,2
959102,2
853016,2
972999,3
3984,3
682145,2
806143,2
114024,2
926792,2
167296,3
937533,2
371966,2
799177,2
798219,2
733687,2
568608,3
491028,2
458945,1
133595,1
792217,2
693429,2
1048905,3
664961,2
503286,3
403111,2
578267,2
571436,3
701962,3
352412,3
958588,2
327879,2
853314,1
548212,2
181616,2
786661,3
322121,2
862344,2
718289,2
590917,3
729024,3
1004379,1
178423,2
858571,2
1038282,2
240325,2
180635,3
681844,2
690045,2
101114,2
684020,2
131434,2
700249,1
84282,3
692170,2
409399,3
806205,2
147523,3
957164,2
443346,2
809922,2
146276,2
766561,2
228715,2
595947,3
307099,2
370514,2
431886,3
981626,2
581749,2
611607,3
560,2
925362,1
905227,3
1018941,2
371473,1
346362,1
200977,2
875378,2
662956,2
193677,2
722465,2
243227,3
629759,3
771792,2
547341,1
752885,2
976643,2
135166,3
1016673,2
382276,2
1011058,3
477754,2
610587,2
252893,2
220322,3
747279,2
668384,3
455497,2
744466,2
845937,2
53063,3
211506,2
47152,2
331461,3
559342,2
